objectid;fid;code_insee;reg;dep;cv;ze2010;libgeo;p11_tot;p06_tot;p11_0014;p11_1529;p11_3044;p11_4559;p11_6074;p11_75p;p06_0014;p06_1529;p06_3044;p06_4559;p06_6074;p06_75p
449;448;2720;22;2;230;2204;Sissonne;2069;2242;394;389;399;442;276;169;429;517;506;421;227;142
574;573;2753;22;2;237;2205;Tupigny;360;359;80;57;62;76;50;35;72;54;56;81;46;52
688;687;2192;22;2;222;56;Chouy;395;370;100;58;115;79;31;12;102;54;121;58;21;14
756;755;2036;22;2;204;2206;Augy;91;71;22;16;21;16;7;9;13;10;22;8;8;9
983;982;2130;22;2;217;2203;Bucilly;191;207;31;23;28;58;29;20;38;31;33;57;26;21
1123;1122;2543;22;2;222;56;Neuilly-Saint-Front;2166;2124;460;387;406;414;286;212;461;381;448;402;244;188
1141;1140;2412;22;2;224;2206;Launoy;102;92;30;10;25;20;15;2;23;14;27;16;11;1
1269;1268;2588;22;2;212;2204;Pargnan;62;58;9;10;15;16;12;2;15;5;14;15;8;1
1318;1317;2419;22;2;223;2203;Leschelle;298;270;54;35;57;57;57;39;44;30;60;51;52;32
1429;1428;2777;22;2;207;2201;Vendières;154;131;29;16;41;38;23;7;19;12;34;35;22;9
1462;1461;2693;22;2;224;2206;Saint-Rémy-Blanzy;229;227;47;31;54;52;28;17;51;41;48;60;17;9
1619;1618;2502;22;2;226;2204;Montcornet;1507;1654;284;296;249;329;211;138;343;354;326;328;185;118
1627;1626;2450;22;2;216;2205;Macquigny;375;394;93;43;95;71;46;26;90;64;95;76;44;25
1630;1629;2575;22;2;225;2205;Origny-Sainte-Benoite;1716;1701;323;306;311;385;251;141;305;315;327;378;221;156
1633;1632;2482;22;2;221;2204;Meurival;52;61;12;10;12;11;4;4;14;13;17;8;3;6
2294;2293;2433;22;2;226;2204;Lislet;246;247;37;36;40;68;37;28;40;46;47;62;26;25
2467;2466;2618;22;2;203;2205;Prémont;757;718;188;126;153;146;84;60;153;138;141;151;84;50
2473;2472;2349;22;2;212;2204;Goudelancourt-lès-Berrieux;59;72;12;7;7;23;4;7;14;15;11;21;8;3
2474;2473;2542;22;2;209;2202;Neuflieux;96;89;24;12;20;23;10;6;17;19;19;22;10;3
2536;2535;2352;22;2;206;2205;Gouy;585;621;126;83;112;129;88;47;124;108;140;129;78;42
2574;2573;2791;22;2;238;2204;Veslud;260;240;47;42;58;55;34;24;46;37;56;58;32;10
2710;2709;2452;22;2;233;2205;Maissemy;244;234;63;31;54;44;36;17;64;20;62;48;28;11
3104;3103;2308;22;2;223;2203;Fesmy-le-Sart;502;479;101;71;108;116;57;49;86;91;98;110;56;38
3227;3226;2684;22;2;217;2203;Saint-Michel;3548;3520;730;581;695;770;490;281;691;613;715;799;441;261
3263;3262;2496;22;2;222;56;Monnes;121;89;39;14;37;16;13;1;21;16;22;21;7;2
3311;3310;2286;22;2;223;2203;Esquéhéries;848;862;167;121;166;191;125;78;160;163;160;193;106;80
3312;3311;2831;22;2;217;2203;Watigny;372;365;71;59;72;80;62;30;75;51;70;90;46;32
3325;3324;2514;22;2;235;2206;Montigny-Lengrain;677;657;147;112;152;155;77;33;134;104;150;174;55;40
3414;3413;2553;22;2;230;2204;Nizy-le-Comte;256;257;57;26;47;69;40;17;55;43;55;54;36;15
3518;3517;2276;22;2;205;2203;Englancourt;125;115;24;23;29;16;23;10;19;18;31;12;26;8
3554;3553;2063;22;2;206;2205;Bellenglise;385;391;83;62;80;72;68;21;82;47;101;76;58;27
3738;3737;2469;22;2;216;2203;Marly-Gomont;425;420;67;75;59;80;79;64;68;61;61;92;83;53
3898;3897;2135;22;2;205;2203;Buironfosse;1189;1195;245;188;225;239;180;112;238;205;244;229;166;113
3982;3981;2226;22;2;241;2206;Courmelles;1708;1705;286;260;305;378;344;135;292;236;324;434;314;106
4069;4068;2781;22;2;208;2201;Verdilly;433;446;97;57;93;122;52;12;100;86;111;102;36;9
4071;4070;2518;22;2;210;2201;Montlevon;259;253;42;51;42;66;31;27;38;32;54;61;36;31
4135;4134;2670;22;2;234;2203;Saint-Algis;160;155;30;19;32;28;27;26;27;23;27;29;30;21
4144;4143;2240;22;2;203;2205;Croix-Fonsomme;225;229;54;35;58;30;34;15;49;33;60;35;32;18
4151;4150;2607;22;2;241;2206;Ploisy;81;86;22;14;15;12;15;3;22;17;15;16;13;3
4357;4356;2526;22;2;226;2204;Morgny-en-Thiérache;112;92;27;17;24;17;15;11;19;13;20;16;15;7
4365;4364;2523;22;2;204;2206;Mont-Saint-Martin;88;51;30;6;23;18;8;4;15;9;8;14;4;1
4482;4481;2095;22;2;203;2205;Bohain-en-Vermandois;5921;6300;1209;1135;1002;1171;747;657;1346;1146;1209;1198;821;581
4491;4490;2666;22;2;226;2204;Rozoy-sur-Serre;1021;1039;204;151;193;190;164;119;200;181;201;198;165;94
4643;4642;2691;22;2;298;2205;Saint-Quentin;56278;56792;10406;11646;9916;10685;8016;5609;10850;11487;10448;11425;7312;5270
4664;4663;2022;22;2;224;2201;Arcy-Sainte-Restitue;421;420;89;71;91;76;55;39;111;51;93;82;56;27
4740;4739;2238;22;2;218;2204;Crépy;1921;1821;450;318;400;356;241;156;407;324;405;333;211;141
4864;4863;2244;22;2;205;2203;Crupilly;71;56;24;8;17;11;9;2;14;8;12;11;5;6
4868;4867;2470;22;2;202;2203;Martigny;447;452;101;65;90;88;62;41;96;71;104;89;51;39
4961;4960;2295;22;2;205;2203;Étréaupont;916;868;178;164;163;177;148;86;149;169;154;203;120;73
4967;4966;2648;22;2;225;2205;Ribemont;1961;2059;372;350;330;454;292;161;431;353;422;475;219;159
4972;4971;2490;22;2;201;2204;Monampteuil;134;132;23;13;30;38;21;9;29;16;27;33;20;8
5155;5154;2456;22;2;211;2202;Manicamp;314;319;45;53;42;89;54;30;58;53;59;80;42;28
5174;5173;2657;22;2;227;2203;Rougeries;227;233;55;41;46;36;18;31;54;41;48;38;28;24
5288;5287;2281;22;2;207;2201;L'Épine-aux-Bois;260;259;53;49;49;66;24;19;64;38;57;61;21;16
5475;5474;2195;22;2;204;2206;Ciry-Salsogne;878;808;204;115;222;201;90;46;188;119;224;161;65;51
5510;5509;2580;22;2;224;2201;Oulchy-le-Château;827;859;154;121;161;179;129;84;177;139;190;164;112;77
5590;5589;2188;22;2;205;2203;Chigny;146;173;23;12;21;35;29;26;35;24;35;28;34;17
5716;5715;2721;22;2;225;2205;Sissy;483;495;84;65;95;101;105;31;94;61;129;97;78;35
5753;5752;2225;22;2;222;56;Courchamps;90;92;27;10;13;17;14;9;26;9;15;25;8;9
5804;5803;2044;22;2;234;2204;Bancigny;29;24;5;4;4;8;5;2;1;3;3;7;7;4
5812;5811;2165;22;2;214;2202;Charmes;1651;1703;311;235;317;313;307;168;326;284;316;358;250;169
5821;5820;2174;22;2;232;2204;Chavignon;760;742;151;127;161;167;102;54;153;115;173;174;79;49
5822;5821;2804;22;2;224;2206;Villemontoire;206;210;36;32;42;55;27;14;39;35;45;57;18;16
5961;5960;2815;22;2;229;2205;Villers-Saint-Christophe;473;456;98;58;100;114;66;36;85;62;107;118;59;26
5967;5966;2220;22;2;215;2201;Coulonges-Cohan;429;419;93;63;86;98;56;33;90;40;103;96;51;37
6032;6031;2683;22;2;237;2205;Saint-Martin-Rivière;129;118;28;19;22;22;8;29;19;21;25;16;17;20
6035;6034;2422;22;2;216;2203;Lesquielles-Saint-Germain;840;862;169;138;134;197;133;70;180;150;159;188;113;74
6037;6036;2232;22;2;236;56;Coyolles;391;351;40;76;81;144;40;10;38;59;110;106;26;12
6186;6185;2505;22;2;207;2201;Montfaucon;190;171;34;20;48;36;26;26;31;23;32;36;25;25
6225;6224;2757;22;2;216;2203;Vadencourt;618;627;117;105;104;142;94;56;121;112;112;138;94;51
6435;6434;2312;22;2;205;2203;La Flamengrie;1120;1053;261;200;195;255;136;74;212;191;216;227;136;71
6562;6561;2680;22;2;214;2202;Saint-Gobain;2325;2349;346;293;396;485;357;446;382;314;411;461;389;392
6605;6604;2051;22;2;210;2201;Barzy-sur-Marne;386;376;64;44;82;93;62;42;49;61;82;81;62;41
6610;6609;2555;22;2;207;2201;Nogent-l'Artaud;2129;2131;425;346;389;465;264;241;421;351;454;424;259;223
6660;6659;2547;22;2;227;2204;La Neuville-Housset;62;61;15;11;16;7;10;3;18;9;14;9;8;4
6671;6670;2117;22;2;229;2205;Bray-Saint-Christophe;77;77;11;17;14;21;13;1;18;6;20;25;5;3
6770;6769;2778;22;2;212;2204;Vendresse-Beaulne;116;113;30;15;24;20;17;10;24;16;29;22;14;9
6785;6784;2743;22;2;226;2204;Le Thuel;173;164;47;20;34;35;25;12;38;29;31;37;18;11
6818;6817;2109;22;2;234;2203;La Bouteille;499;515;96;77;99;106;78;44;106;80;103;117;74;34
6861;6860;2305;22;2;215;2201;Fère-en-Tardenois;3231;3312;611;556;521;626;546;370;655;600;629;607;462;358
7214;7213;2464;22;2;232;2206;Margival;336;323;72;56;71;68;40;29;68;50;71;74;38;22
7494;7493;2339;22;2;222;2201;Gandelu;679;671;159;93;154;131;95;47;147;111;156;150;77;29
7642;7641;2032;22;2;229;2205;Aubigny-aux-Kaisnes;240;247;52;40;48;54;19;26;46;54;56;47;19;25
7691;7690;2093;22;2;211;2202;Blérancourt;1245;1252;262;166;249;252;187;128;240;211;221;290;185;105
7919;7918;2792;22;2;222;2201;Veuilly-la-Poterie;140;134;28;15;28;30;29;11;28;20;23;34;20;10
7934;7933;2810;22;2;236;56;Villers-Cotterêts;10411;10128;2105;2176;1962;2023;1333;812;2126;2100;2211;1861;1164;666
7999;7998;2261;22;2;213;2204;Dercy;368;396;81;40;85;71;42;49;75;67;68;70;61;55
8000;7999;2120;22;2;204;2206;Brenelle;197;181;43;25;43;46;31;11;37;26;40;46;24;9
8041;8040;2010;22;2;232;2206;Allemant;178;164;49;31;32;42;22;1;42;31;37;37;12;5
8141;8140;2235;22;2;212;2204;Craonnelle;109;100;20;21;23;21;17;9;27;13;27;16;11;7
8273;8272;2375;22;2;222;2201;Hautevesnes;159;124;31;31;38;33;15;10;27;21;27;28;12;10
8280;8279;2175;22;2;231;2206;Chavigny;146;154;25;18;26;41;23;12;30;27;34;35;20;8
8428;8427;2632;22;2;211;2206;Quincy-Basse;58;52;12;9;10;15;4;8;13;4;12;14;4;5
8602;8601;2191;22;2;238;2204;Chivy-lès-Étouvelles;504;487;87;97;91;122;81;26;90;82;114;131;54;16
8776;8775;2306;22;2;225;2204;La Ferté-Chevresis;591;589;117;102;118;121;78;55;107;110;119;123;83;47
8965;8964;2558;22;2;223;2203;Le Nouvion-en-Thiérache;2804;2850;525;502;461;584;392;340;564;522;547;545;391;281
9078;9077;2361;22;2;216;2203;Guise;5173;5532;966;987;820;1017;734;649;1074;1047;960;1114;713;624
9172;9171;2463;22;2;227;2204;Marfontaine;81;95;17;7;17;20;13;7;22;19;17;23;7;7
9204;9203;2041;22;2;209;2202;Autreville;824;820;157;114;155;184;145;71;160;125;170;192;109;64
9332;9331;2246;22;2;229;2205;Cugny;578;546;119;85;126;133;80;35;96;107;114;139;56;34
9400;9399;2173;22;2;209;2202;Chauny;11771;12653;2062;2305;2043;2467;1651;1243;2338;2558;2348;2475;1712;1224
9409;9408;2269;22;2;223;2203;Dorengt;156;149;33;21;39;28;23;12;37;19;37;29;21;8
9649;9648;2391;22;2;202;2203;Jeantes;221;215;30;36;33;58;34;30;29;33;30;59;36;28
9703;9702;2785;22;2;233;2205;Vermand;1047;1044;204;126;204;231;185;96;200;159;201;234;168;82
9789;9788;2128;22;2;238;2204;Bruyères-et-Montbérault;1572;1579;280;261;289;355;239;147;303;254;322;346;228;126
9790;9789;2237;22;2;213;2204;Crécy-sur-Serre;1464;1488;272;250;265;282;210;185;268;237;322;276;199;186
9964;9963;2070;22;2;216;2205;Bernot;453;444;95;66;87;98;61;46;92;63;89;99;61;40
10019;10018;2548;22;2;223;2203;La Neuville-lès-Dorengt;396;376;91;53;80;76;71;25;85;69;74;67;54;27
10282;10281;2004;22;2;219;2204;Agnicourt-et-Séchelles;205;189;42;28;32;56;22;26;40;30;37;37;27;17
10373;10372;2491;22;2;227;2204;Monceau-le-Neuf-et-Faucouzy;344;336;72;63;64;71;41;33;82;41;85;57;43;26
10476;10475;2740;22;2;234;2203;Thenailles;254;260;29;40;42;73;46;25;33;41;48;75;46;17
10514;10513;2054;22;2;204;2206;Bazoches-sur-Vesles;464;440;109;68;111;89;59;28;114;60;124;71;53;18
10802;10801;2689;22;2;219;2204;Saint-Pierremont;57;59;8;6;13;15;8;6;14;7;10;17;4;6
10808;10807;2818;22;2;207;2201;Villiers-Saint-Denis;1042;1017;192;131;181;240;185;114;173;169;200;250;137;89
10821;10820;2565;22;2;212;2204;OEuilly;281;259;61;43;65;62;31;19;53;51;61;53;28;13
10928;10927;2381;22;2;217;2203;Hirson;9365;9660;1853;1684;1567;1841;1425;995;1886;1813;1799;1978;1299;886
10964;10963;2160;22;2;226;2204;Chaourse;525;541;109;88;92;98;78;60;101;103;100;102;76;59
11071;11070;2503;22;2;225;2205;Mont-d'Origny;868;891;177;129;147;204;148;62;169;167;159;225;112;59
11185;11184;2651;22;2;214;2204;Rogécourt;93;80;20;15;20;17;16;6;13;9;15;25;12;5
11242;11241;2816;22;2;215;2201;Villers-sur-Fère;499;449;111;93;105;99;64;26;88;102;85;99;49;26
11355;11354;2726;22;2;229;2205;Sommette-Eaucourt;157;139;30;28;35;30;24;11;21;24;32;36;12;15
11467;11466;2725;22;2;205;2203;Sommeron;134;134;34;27;25;24;12;14;36;18;33;22;12;13
11468;11467;2614;22;2;233;2205;Pontru;284;302;69;46;52;71;30;18;86;43;70;48;34;20
11493;11492;2151;22;2;218;2204;Cerny-lès-Bucy;114;114;18;16;19;37;17;8;16;24;18;32;18;6
11525;11524;2749;22;2;222;56;Troësnes;239;230;65;37;62;42;23;10;63;36;63;36;22;10
11581;11580;2334;22;2;203;2205;Fresnoy-le-Grand;3087;2992;645;509;565;659;446;262;540;557;581;641;432;241
11595;11594;2540;22;2;208;2201;Nesles-la-Montagne;1228;1120;272;178;271;288;153;66;257;166;275;266;99;57
11689;11688;2796;22;2;222;56;Vichel-Nanteuil;91;93;22;16;20;18;10;5;28;9;18;24;6;8
11736;11735;2058;22;2;212;2204;Beaurieux;785;782;196;130;176;139;84;60;191;138;165;149;82;57
11765;11764;2643;22;2;235;2206;Ressons-le-Long;768;757;147;111;162;168;116;64;151;125;170;174;85;52
11819;11818;2595;22;2;210;2201;Passy-sur-Marne;156;149;35;29;36;28;13;15;27;28;41;20;21;12
11844;11843;2216;22;2;236;56;Corcy;315;309;58;48;66;98;32;13;64;53;73;81;24;14
11874;11873;2598;22;2;235;2206;Pernant;704;691;161;95;151;162;101;33;162;98;167;155;81;28
11948;11947;2690;22;2;230;2204;Sainte-Preuve;84;89;11;10;17;17;22;7;13;14;16;25;14;7
12128;12127;2662;22;2;222;56;Rozet-Saint-Albin;283;311;55;36;53;62;43;34;71;43;74;59;34;30
12180;12179;2800;22;2;210;2201;Viffort;334;280;72;54;74;76;40;17;51;44;63;71;35;16
12184;12183;2773;22;2;204;2206;Vauxtin;50;51;6;5;11;12;14;3;9;8;11;13;8;2
12309;12308;2418;22;2;205;2203;Lerzy;217;182;37;34;42;53;23;28;29;32;38;36;28;20
12333;12332;2184;22;2;225;2204;Chevresis-Monceau;363;354;72;41;73;63;43;70;60;60;63;60;52;57
12382;12381;2360;22;2;221;2204;Guignicourt;2140;2149;436;300;450;392;367;195;424;317;448;459;316;184
12384;12383;2297;22;2;208;2201;Étrépilly;81;88;11;6;15;25;13;11;18;10;22;20;13;7
12479;12478;2736;22;2;235;2206;Tartiers;193;166;52;30;49;31;24;7;40;26;35;35;15;16
12520;12519;2007;22;2;212;2204;Aizelles;113;104;16;17;28;21;22;9;19;15;21;27;17;6
12598;12597;2820;22;2;209;2202;Viry-Noureuil;1802;1952;338;294;372;467;209;123;417;309;476;420;226;105
12706;12705;2062;22;2;208;2201;Belleau;139;132;33;18;32;29;18;9;26;19;36;25;15;11
12870;12869;2600;22;2;219;2204;Pierrepont;396;392;87;52;69;93;57;38;80;59;89;73;59;31
12905;12904;2011;22;2;235;2206;Ambleny;1135;1147;225;204;211;247;172;76;234;205;262;255;129;62
12945;12944;2738;22;2;242;2202;Tergnier;14135;14600;2781;2661;2610;2771;1936;1377;2879;2646;2985;2790;1877;1422
12970;12969;2392;22;2;206;2205;Joncourt;321;326;66;44;69;74;40;29;79;41;78;66;39;23
12973;12972;2828;22;2;232;2206;Vregny;90;95;12;12;16;22;14;13;15;17;17;27;11;7
13015;13014;2610;22;2;231;2206;Pommiers;626;619;116;62;93;145;155;56;104;77;111;182;100;45
13145;13144;2374;22;2;206;2205;Lehaucourt;921;770;193;214;183;175;103;52;155;122;180;163;113;36
13385;13384;2208;22;2;221;2204;Concevreux;263;244;64;37;57;63;21;21;62;36;55;44;32;15
13461;13460;2493;22;2;219;2204;Monceau-le-Waast;235;237;49;34;53;36;42;22;52;48;44;48;28;19
13504;13503;2018;22;2;201;2206;Anizy-le-Château;1912;1900;343;324;304;413;319;210;368;280;361;424;261;206
13505;13504;2324;22;2;205;2203;Fontenelle;283;279;67;44;56;57;40;20;63;41;54;60;36;25
13506;13505;2699;22;2;215;2201;Saponay;261;260;48;43;55;67;29;18;53;49;71;48;25;15
13583;13582;2402;22;2;233;2205;Lanchy;51;57;15;7;11;8;10;1;17;9;12;13;4;3
13622;13621;2546;22;2;209;2202;La Neuville-en-Beine;185;164;51;20;39;44;19;12;33;26;31;43;20;11
13699;13698;2167;22;2;204;2206;Chassemy;807;774;191;116;185;167;88;61;176;139;162;152;83;62
13742;13741;2029;22;2;233;2205;Attilly;378;403;80;60;86;93;44;15;97;66;104;91;29;15
13779;13778;2101;22;2;219;2204;Bosmont-sur-Serre;207;206;42;27;37;42;35;24;43;31;39;42;27;24
13781;13780;2049;22;2;211;2202;Barisis;728;699;134;94;148;149;140;64;131;99;147;160;110;52
13820;13819;2313;22;2;216;2203;Flavigny-le-Grand-et-Beaurain;483;425;103;74;88;120;57;41;81;69;79;104;59;33
13880;13879;2688;22;2;227;2203;Saint-Pierre-lès-Franqueville;66;58;24;8;15;5;5;8;17;7;15;8;9;2
13882;13881;2034;22;2;211;2202;Audignicourt;103;101;23;16;23;25;12;5;29;15;24;22;6;5
13940;13939;2021;22;2;226;2204;Archon;85;92;18;7;18;15;16;11;18;13;20;13;21;7
13942;13941;2215;22;2;212;2204;Corbeny;746;693;144;117;174;135;99;77;145;123;145;138;64;78
13984;13983;2121;22;2;224;2201;Breny;262;267;60;44;59;49;28;22;57;59;65;43;18;26
14036;14035;2069;22;2;226;2204;Berlise;124;118;30;14;26;22;24;9;26;16;24;24;20;8
14102;14101;2141;22;2;205;2203;La Capelle;1838;1914;277;329;285;380;307;260;305;341;332;414;279;243
14239;14238;2258;22;2;222;56;Dammard;411;419;76;44;87;105;55;44;102;49;102;83;49;34
14265;14264;2272;22;2;224;2206;Droizy;74;78;11;15;14;22;6;6;17;14;19;13;7;8
14330;14329;2094;22;2;208;2201;Blesmes;384;379;77;55;78;86;68;21;69;61;86;85;65;13
14332;14331;2221;22;2;207;2201;Coupru;196;170;48;34;48;40;19;6;40;31;43;34;14;8
14333;14332;2653;22;2;207;2201;Romeny-sur-Marne;486;478;89;81;89;114;79;33;108;58;112;108;54;36
14382;14381;2634;22;2;226;2204;Raillimont;86;84;18;12;15;17;14;10;21;8;16;20;13;7
14383;14382;2341;22;2;234;2203;Gercy;292;304;59;39;54;72;51;17;63;43;59;82;39;18
14384;14383;2385;22;2;227;2204;Housset;171;180;33;33;24;52;18;12;44;24;44;41;16;11
14394;14393;2640;22;2;225;2205;Renansart;170;172;36;21;37;32;30;15;28;34;29;35;27;18
14396;14395;2431;22;2;242;2205;Liez;428;448;63;65;78;88;96;38;83;59;95;113;68;31
14398;14397;2625;22;2;216;2205;Proix;149;143;32;17;35;25;30;12;31;18;33;27;22;14
14403;14402;2294;22;2;238;2204;Étouvelles;221;207;36;34;34;65;38;13;37;25;37;70;25;14
14404;14403;2179;22;2;204;2206;Chéry-Chartreuve;339;330;64;48;79;73;51;26;64;54;82;64;47;19
14444;14443;2698;22;2;232;2206;Sancy-les-Cheminots;111;110;23;22;20;27;14;7;29;17;29;23;7;4
14483;14482;2056;22;2;209;2202;Beaumont-en-Beine;166;149;37;22;46;27;20;14;28;25;38;31;15;13
14603;14602;2642;22;2;226;2204;Résigny;175;169;18;26;33;40;35;23;26;20;37;30;43;14
14645;14644;2783;22;2;237;2203;Grand-Verly;152;132;33;28;28;37;10;16;32;22;32;25;14;7
14718;14717;2807;22;2;209;2202;Villequier-Aumont;634;591;115;90;117;163;104;46;115;74;133;154;73;42
14719;14718;2549;22;2;240;2205;Neuville-Saint-Amand;887;849;169;135;183;215;132;54;165;118;171;235;116;44
14720;14719;2214;22;2;229;2205;Contescourt;64;72;13;12;15;11;7;6;16;18;12;17;6;3
14723;14722;2750;22;2;211;2202;Trosly-Loire;596;583;135;91;124;120;78;48;126;91;124;98;94;50
14766;14765;2155;22;2;201;2204;Chaillevois;185;182;33;27;32;47;27;19;30;30;40;42;25;15
14769;14768;2477;22;2;241;2206;Mercin-et-Vaux;943;930;180;104;179;204;197;79;164;121;201;233;163;49
14910;14909;2499;22;2;201;2204;Montbavin;44;36;10;8;7;7;7;3;9;2;6;11;6;2
14977;14976;2209;22;2;210;2201;Condé-en-Brie;659;633;120;112;138;113;109;67;117;92;129;123;109;63
15017;15016;2728;22;2;205;2203;Sorbais;278;277;54;42;49;59;50;24;48;51;45;67;41;25
15026;15025;2550;22;2;212;2204;Neuville-sur-Ailette;100;77;17;15;22;29;11;6;7;16;12;30;7;4
15028;15027;2413;22;2;201;2204;Laval-en-Laonnois;255;242;50;48;57;57;36;7;62;34;61;51;30;4
15029;15028;2398;22;2;231;2206;Juvigny;292;291;81;51;64;60;23;13;74;49;81;51;28;8
15030;15029;2612;22;2;232;2206;Pont-Arcy;129;127;28;19;29;26;16;11;29;22;32;19;13;12
15147;15146;2703;22;2;203;2205;Seboncourt;1089;1072;219;177;206;209;161;117;206;171;213;213;156;113
15262;15261;2162;22;2;207;2201;La Chapelle-sur-Chézy;283;264;85;42;61;62;15;17;62;57;58;53;24;9
15282;15281;2146;22;2;210;2201;Celles-lès-Condé;77;76;14;11;9;23;8;11;15;11;13;14;16;7
15325;15324;2650;22;2;205;2203;Rocquigny;391;395;87;52;68;83;70;31;77;76;78;86;53;25
15336;15335;2539;22;2;206;2205;Nauroy;703;683;154;106;131;160;100;51;139;116;154;141;86;47
15337;15336;2658;22;2;233;2205;Roupy;235;251;40;38;35;58;42;22;58;35;52;56;28;20
15385;15384;2071;22;2;235;2206;Berny-Rivière;622;591;124;90;123;156;90;39;124;88;130;141;70;38
15423;15422;2568;22;2;236;56;Oigny-en-Valois;137;165;17;18;20;51;21;11;27;28;32;48;20;10
15615;15614;2554;22;2;208;2201;Nogentel;1012;1061;182;116;205;218;204;87;202;149;240;221;175;73
15659;15658;2544;22;2;217;2203;Neuve-Maison;604;633;125;112;122;130;77;38;157;105;139;139;63;30
15660;15659;2535;22;2;234;2203;Nampcelles-la-Cour;134;135;23;19;20;31;23;18;20;19;25;25;24;23
15666;15665;2348;22;2;204;2204;Glennes;231;204;64;35;60;48;17;6;61;26;62;38;8;9
15668;15667;2318;22;2;211;2206;Folembray;1466;1530;292;253;273;322;184;143;319;273;314;308;166;151
15934;15933;2182;22;2;227;2204;Chevennes;141;144;34;17;28;34;16;11;27;30;27;34;18;6
15938;15937;2330;22;2;233;2205;Francilly-Selency;457;455;69;67;77;102;104;37;92;54;103;97;84;26
15940;15939;2534;22;2;221;2204;Muscourt;48;41;13;5;9;9;11;1;9;6;9;10;6;2
15941;15940;2033;22;2;212;2204;Aubigny-en-Laonnois;113;116;21;14;23;29;20;6;22;20;20;30;14;11
15942;15941;2472;22;2;230;2204;Mauregny-en-Haye;448;404;104;81;95;96;50;23;87;76;85;81;48;27
15944;15943;2115;22;2;212;2206;Braye-en-Laonnois;223;211;43;32;40;45;40;23;53;24;49;41;31;13
15945;15944;2003;22;2;204;2206;Acy;989;907;214;141;212;200;151;71;180;118;216;219;125;49
15946;15945;2316;22;2;236;56;Fleury;126;142;17;19;21;34;27;8;24;20;29;39;27;5
16116;16115;2769;22;2;237;2205;Vaux-Andigny;960;967;188;161;159;209;101;142;200;162;191;192;97;125
16162;16161;2298;22;2;237;2203;Étreux;1479;1642;256;293;243;355;217;116;324;316;330;363;198;111
16180;16179;2026;22;2;210;2201;Artonges;193;159;43;25;33;57;19;16;30;27;32;42;16;12
16181;16180;2594;22;2;222;56;Passy-en-Valois;166;143;52;19;46;25;11;12;37;24;40;23;7;11
16182;16181;2443;22;2;207;2201;Lucy-le-Bocage;179;176;35;20;36;42;29;17;41;22;44;31;21;17
16183;16182;2579;22;2;224;56;Oulchy-la-Ville;126;128;19;17;20;39;17;12;24;20;33;28;15;8
16217;16216;2584;22;2;205;2203;Papleux;108;110;26;25;25;18;12;2;34;13;29;20;10;4
16218;16217;2386;22;2;216;2203;Iron;221;226;39;38;32;52;45;14;29;42;44;66;28;18
16225;16224;2322;22;2;239;2205;Fontaine-Notre-Dame;382;385;85;40;86;94;58;19;76;67;76;101;48;17
16227;16226;2065;22;2;206;2205;Bellicourt;635;643;140;95;138;133;92;37;146;102;155;127;74;39
16230;16229;2821;22;2;218;2204;Vivaise;765;759;189;107;171;136;118;44;192;119;185;161;74;28
16231;16230;2527;22;2;235;2206;Morsain;425;428;90;52;96;95;52;40;72;84;89;94;39;49
16258;16257;2180;22;2;213;2204;Chéry-lès-Pouilly;676;658;154;87;147;155;90;43;126;106;151;148;81;47
16260;16259;2047;22;2;213;2204;Barenton-Cel;131;148;24;23;30;32;15;7;39;23;39;27;10;10
16301;16300;2075;22;2;220;2205;Berthenicourt;210;206;39;32;39;52;31;17;41;32;39;55;26;14
16423;16422;2103;22;2;223;2203;Boué;1276;1276;251;199;215;254;226;131;241;204;255;298;159;119
16445;16444;2148;22;2;232;2206;Celles-sur-Aisne;252;245;46;37;61;61;29;18;51;37;64;55;22;16
16478;16477;2239;22;2;210;2201;Crézancy;1125;1100;251;235;243;206;125;65;213;251;232;219;118;66
16479;16478;2203;22;2;215;2201;Coincy;1312;1218;306;221;267;231;200;86;294;196;287;213;150;77
16481;16480;2466;22;2;222;56;Marizy-Sainte-Geneviève;132;135;25;21;29;30;22;5;32;22;32;33;11;5
16526;16525;2814;22;2;216;2203;Villers-lès-Guise;161;176;22;22;30;45;24;18;26;34;33;47;21;14
16577;16576;2541;22;2;221;2204;Neufchâtel-sur-Aisne;409;452;82;50;97;98;50;31;99;80;105;94;46;27
16733;16732;2669;22;2;210;2201;Saint-Agnan;103;108;16;11;25;29;17;5;15;22;25;30;9;7
16734;16733;2521;22;2;207;2201;Montreuil-aux-Lions;1396;1333;314;252;284;287;167;91;304;246;280;283;139;81
16780;16779;2023;22;2;222;2201;Armentières-sur-Ourcq;101;101;13;26;19;27;11;5;21;16;24;23;13;3
16781;16780;2187;22;2;208;2201;Chierry;1048;1050;164;154;178;221;209;122;160;158;196;228;215;93
16782;16781;2163;22;2;207;2201;Charly-sur-Marne;2711;2706;573;435;535;541;385;242;569;511;499;559;316;252
16831;16830;2133;22;2;230;2204;Bucy-lès-Pierrepont;419;420;79;62;78;102;45;52;88;69;87;87;50;39
16832;16831;2513;22;2;219;2204;Montigny-le-Franc;156;169;20;21;27;42;34;13;25;31;24;50;22;17
16833;16832;2731;22;2;227;2203;Le Sourd;164;161;28;26;34;33;33;9;32;23;31;36;26;13
16841;16840;2659;22;2;239;2205;Rouvroy;468;381;86;61;85;107;99;30;41;57;69;124;66;24
16842;16841;2028;22;2;238;2204;Athies-sous-Laon;2631;2230;482;424;553;582;388;202;420;324;499;490;358;138
16843;16842;2177;22;2;238;2204;Chérêt;123;118;20;10;27;31;25;12;15;17;19;37;22;7
16845;16844;2434;22;2;201;2204;Lizy;275;223;63;34;60;65;37;17;39;37;53;58;27;10
16846;16845;2763;22;2;204;2206;Vasseny;209;195;56;28;51;33;29;11;44;37;44;37;21;13
16911;16910;2710;22;2;229;2205;Seraucourt-le-Grand;786;784;148;161;149;191;104;32;175;151;178;171;85;23
16913;16912;2369;22;2;234;2203;Harcigny;248;255;44;31;44;46;50;32;42;43;56;44;47;22
17038;17037;2678;22;2;226;2204;Sainte-Geneviève;76;72;18;10;12;14;10;11;17;12;13;12;9;8
17102;17101;2223;22;2;210;2201;Courboin;300;273;65;46;74;66;30;20;56;45;77;49;29;19
17153;17152;2197;22;2;205;2203;Clairfontaine;571;528;97;135;122;107;72;37;109;113;122;89;70;26
17157;17156;2747;22;2;233;2205;Trefcon;86;84;21;14;20;16;10;4;16;11;22;13;12;9
17158;17157;2446;22;2;220;2205;Ly-Fontaine;126;104;35;18;35;27;8;3;28;16;34;20;1;5
17161;17160;2190;22;2;232;2206;Chivres-Val;584;592;123;67;125;135;91;43;132;78;134;144;63;41
17162;17161;2533;22;2;224;2206;Muret-et-Crouttes;136;127;28;16;31;33;13;15;28;16;34;18;17;14
17163;17162;2461;22;2;209;2202;Marest-Dampcourt;340;331;60;54;81;82;37;26;64;49;81;80;28;29
17377;17376;2301;22;2;201;2204;Faucoucourt;307;302;72;47;62;67;39;20;66;56;68;60;32;20
17439;17438;2186;22;2;207;2201;Chézy-sur-Marne;1320;1327;197;184;205;306;264;164;202;200;246;324;190;165
17480;17479;2401;22;2;234;2203;Laigny;224;234;43;41;40;47;30;23;44;47;46;45;31;22
17487;17486;2760;22;2;237;2205;La Vallée-Mulâtre;153;142;32;25;31;33;22;11;29;19;29;30;20;14
17488;17487;2775;22;2;220;2205;Vendeuil;916;902;150;110;168;215;152;123;159;107;186;208;145;96
17489;17488;2250;22;2;212;2204;Cuiry-lès-Chaudardes;79;77;18;11;23;9;9;8;25;7;23;7;10;6
17490;17489;2102;22;2;212;2204;Bouconville-Vauclair;194;157;45;29;45;40;22;13;33;18;32;40;22;12
17495;17494;2012;22;2;224;2206;Ambrief;63;65;7;12;16;18;5;4;9;18;15;15;4;4
17496;17495;2817;22;2;204;2206;Ville-Savoye;59;58;11;8;9;15;7;9;7;8;13;11;10;9
17554;17553;2325;22;2;210;2201;Fontenelle-en-Brie;223;177;52;39;45;46;23;18;30;36;35;40;21;15
17571;17570;2570;22;2;229;2205;Ollezy;166;135;37;27;48;18;23;13;26;23;31;24;21;11
17717;17716;2451;22;2;206;2205;Magny-la-Fosse;127;132;27;24;22;29;18;7;28;26;21;40;13;4
17794;17793;2025;22;2;229;2205;Artemps;360;354;75;71;79;71;41;23;77;78;77;73;34;17
17798;17797;2132;22;2;218;2204;Bucy-lès-Cerny;192;179;58;17;52;35;22;7;42;28;46;35;18;10
17799;17798;2153;22;2;201;2204;Cessières;482;437;93;74;104;118;68;26;80;64;109;120;40;25
17800;17799;2805;22;2;231;2206;Villeneuve-Saint-Germain;2461;2401;445;452;455;533;387;190;448;441;468;525;339;181
18019;18018;2623;22;2;234;2203;Prisces;113;113;23;9;22;27;22;11;25;14;24;22;17;13
18041;18040;2189;22;2;230;2204;Chivres-en-Laonnois;370;345;77;63;83;77;39;31;76;62;74;63;40;31
18045;18044;2123;22;2;220;2205;Brissay-Choigny;307;318;59;31;71;60;56;31;65;49;68;63;39;34
18104;18103;2516;22;2;219;2204;Montigny-sous-Marle;70;69;15;7;11;14;18;6;15;9;13;12;15;7
18111;18110;2027;22;2;213;2204;Assis-sur-Serre;279;249;54;41;57;63;37;27;49;44;57;52;28;19
18112;18111;2639;22;2;220;2205;Remigny;393;348;88;69;97;80;36;24;65;65;71;80;41;24
18113;18112;2772;22;2;233;2205;Vaux-en-Vermandois;130;142;22;23;25;27;15;18;29;24;29;29;16;15
18114;18113;2808;22;2;206;2205;Villeret;314;313;74;62;69;54;26;29;71;56;80;47;31;28
18115;18114;2257;22;2;229;2205;Dallon;392;381;68;59;69;84;82;30;44;56;70;100;76;35
18116;18115;2811;22;2;204;2204;Villers-en-Prayères;126;116;23;18;17;35;19;13;16;16;17;41;17;10
18119;18118;2229;22;2;230;2204;Courtrizy-et-Fussigny;64;75;10;9;11;14;17;4;11;17;11;19;12;6
18121;18120;2259;22;2;236;56;Dampleux;426;420;82;53;79;122;67;23;106;59;92;101;46;16
18122;18121;2438;22;2;236;56;Longpont;301;277;63;46;62;80;32;18;54;45;53;74;38;13
18339;18338;2784;22;2;237;2205;Petit-Verly;182;195;38;42;34;42;19;7;41;47;48;30;15;14
18424;18423;2420;22;2;239;2205;Lesdins;847;797;168;94;171;188;183;43;164;111;164;203;117;37
18425;18424;2336;22;2;209;2202;Frières-Faillouël;999;851;245;174;233;217;98;32;171;173;195;203;80;28
18430;18429;2406;22;2;211;2206;Landricourt;129;118;27;23;27;29;11;12;27;12;27;25;21;6
18431;18430;2423;22;2;211;2206;Leuilly-sous-Coucy;404;420;91;53;77;101;51;31;95;58;103;92;45;27
18432;18431;2176;22;2;232;2206;Chavonne;191;187;44;31;52;37;13;14;49;24;60;26;20;7
18433;18432;2711;22;2;204;2206;Serches;315;298;66;59;64;75;36;13;57;75;58;65;30;12
18536;18535;2302;22;2;236;56;Faverolles;332;340;66;62;67;87;34;15;85;64;77;74;27;14
18672;18671;2091;22;2;204;2206;Blanzy-lès-Fismes;93;96;11;20;16;16;22;7;21;14;19;18;18;6
18721;18720;2280;22;2;208;2201;Épieds;399;350;84;64;88;96;49;19;72;58;74;96;32;17
18771;18770;2248;22;2;219;2204;Cuirieux;161;159;43;21;37;28;24;8;41;22;40;33;17;6
18772;18771;2641;22;2;226;2204;Renneval;133;131;31;16;25;26;20;16;28;19;34;18;17;15
18779;18778;2287;22;2;220;2205;Essigny-le-Grand;1097;1143;195;143;197;289;203;70;233;152;228;333;146;51
18780;18779;2019;22;2;229;2205;Annois;386;375;65;66;68;78;73;36;65;70;66;92;61;21
18782;18781;2578;22;2;212;2204;Oulches-la-Vallée-Foulon;75;50;24;7;20;10;12;2;6;7;10;11;13;3
18784;18783;2475;22;2;221;2204;Menneville;409;375;96;66;102;68;52;26;105;43;114;53;41;18
18785;18784;2733;22;2;201;2204;Suzy;308;292;67;35;69;59;54;25;63;33;59;73;44;21
18786;18785;2619;22;2;201;2206;Prémontré;772;769;83;160;172;222;98;37;101;180;188;182;89;29
18787;18786;2447;22;2;224;2206;Maast-et-Violaine;155;159;33;32;35;31;17;7;36;33;43;25;18;5
18817;18816;2262;22;2;214;2202;Deuillet;239;196;57;32;53;55;25;17;42;40;42;41;22;10
18854;18853;2569;22;2;237;2203;Oisy;437;411;109;76;86;73;56;37;87;59;90;86;46;42
18981;18980;2786;22;2;211;2206;Verneuil-sous-Coucy;128;127;23;16;32;32;16;10;28;15;26;35;13;11
19056;19055;2351;22;2;215;2201;Goussancourt;114;94;32;8;36;14;9;15;21;17;21;11;15;8
19104;19103;2745;22;2;219;2204;Toulis-et-Attencourt;132;126;28;27;27;31;11;9;26;26;29;25;12;7
19110;19109;2656;22;2;221;2204;Roucy;397;391;91;62;87;81;47;30;120;40;113;61;34;22
19111;19110;2602;22;2;201;2206;Pinon;1810;1742;388;303;337;381;253;149;364;313;372;330;247;115
19112;19111;2395;22;2;211;2206;Jumencourt;154;149;38;18;30;46;15;7;41;15;33;43;13;5
19113;19112;2421;22;2;204;2206;Lesges;83;83;21;7;21;22;8;4;17;13;22;19;7;5
19184;19183;2211;22;2;221;2204;Condé-sur-Suippe;222;248;32;26;40;51;51;22;39;39;48;66;33;23
19301;19300;2356;22;2;222;2201;Grisolles;189;197;43;33;33;51;18;11;56;26;43;44;15;12
19322;19321;2478;22;2;201;2204;Merlieux-et-Fouquerolles;280;258;72;45;76;57;22;8;75;35;60;58;23;7
19382;19381;2168;22;2;208;2201;Château-Thierry;14413;14622;2628;2830;2799;2722;1923;1511;2645;3093;2626;2914;1843;1500
19426;19425;2668;22;2;227;2203;Sains-Richaumont;1033;937;200;182;171;205;153;122;176;130;182;179;172;98
19434;19433;2002;22;2;214;2205;Achery;608;533;148;83;130;109;96;42;104;92;107;111;79;40
19435;19434;2500;22;2;203;2205;Montbrehain;821;822;171;132;144;194;102;79;179;110;159;193;99;83
19436;19435;2035;22;2;216;2203;Audigny;278;240;72;38;63;49;36;20;52;31;59;44;33;20
19440;19439;2171;22;2;221;2204;Chaudardes;88;84;17;11;18;23;10;9;16;19;16;20;7;7
19443;19442;2531;22;2;212;2204;Moussy-Verneuil;126;130;24;25;19;25;19;14;28;23;19;26;19;15
19444;19443;2263;22;2;204;2206;Dhuizel;117;95;21;23;19;32;11;12;15;15;24;20;14;9
19515;19514;2414;22;2;216;2203;Lavaqueresse;215;212;46;42;41;41;32;14;48;32;45;42;20;25
19598;19597;2705;22;2;230;2204;La Selve;203;201;41;38;37;49;27;10;55;23;52;39;21;9
19693;19692;2125;22;2;222;56;Brumetz;221;200;63;27;47;45;20;20;54;31;48;32;22;15
19736;19735;2586;22;2;226;2204;Parfondeval;150;161;29;14;24;28;29;26;32;26;28;30;27;20
19747;19746;2409;22;2;230;2204;Lappion;298;287;65;46;64;67;27;29;53;57;58;59;23;37
19748;19747;2234;22;2;212;2204;Craonne;77;65;12;14;13;21;6;10;9;11;13;17;5;10
19750;19749;2131;22;2;232;2206;Bucy-le-Long;1940;1964;333;288;354;455;330;179;389;283;434;427;288;142
19751;19750;2172;22;2;224;2206;Chaudun;258;265;62;39;56;57;31;12;68;44;60;55;28;10
19777;19776;2561;22;2;238;2204;Nouvion-le-Vineux;159;163;33;16;35;41;25;9;29;35;32;46;19;2
19833;19832;2110;22;2;204;2206;Braine;2196;2099;446;335;391;413;307;303;366;370;401;406;269;289
19868;19867;2719;22;2;209;2202;Sinceny;2134;2131;388;314;410;460;333;230;444;319;458;447;314;150
19946;19945;2260;22;2;214;2202;Danizy;580;554;124;84;107;123;86;56;102;86;112;121;93;39
19951;19950;2144;22;2;233;2205;Caulaincourt;138;111;37;14;35;32;12;8;26;20;25;22;8;12
20054;20053;2416;22;2;227;2203;Lemé;445;449;75;79;80;100;63;48;75;74;92;98;66;44
20057;20056;2355;22;2;233;2205;Gricourt;904;845;227;144;210;207;87;29;192;132;203;214;84;20
20058;20057;2532;22;2;220;2205;Moÿ-de-l'Aisne;985;997;175;138;179;216;162;115;179;144;204;229;137;102
20059;20058;2488;22;2;237;2205;Molain;147;152;26;19;24;37;26;15;23;30;21;45;20;13
20060;20059;2473;22;2;214;2205;Mayot;180;174;47;24;46;37;14;13;35;35;43;32;17;12
20061;20060;2560;22;2;213;2204;Nouvion-le-Comte;275;279;55;48;51;60;35;24;53;52;46;67;37;25
20063;20062;2073;22;2;221;2204;Berry-au-Bac;588;521;109;97;150;124;75;33;105;90;120;99;66;41
20064;20063;2218;22;2;230;2204;Coucy-lès-Eppes;587;577;128;88;122;111;89;49;111;96;117;125;69;59
20066;20065;2439;22;2;204;2204;Longueval-Barbonval;490;452;123;77;129;89;41;31;105;82;107;92;34;32
20068;20067;2372;22;2;224;2206;Hartennes-et-Taux;350;340;89;48;72;69;48;23;70;52;75;73;50;19
20103;20102;2037;22;2;218;2204;Aulnois-sous-Laon;1336;1315;303;209;272;317;166;70;296;236;301;282;152;49
20274;20273;2331;22;2;227;2203;Franqueville;128;125;23;19;24;31;16;14;26;16;29;26;15;13
20275;20274;2498;22;2;230;2204;Montaigu;749;695;166;111;157;142;121;52;140;130;136;159;83;47
20291;20290;2046;22;2;213;2204;Barenton-Bugny;578;570;112;70;123;134;94;46;123;80;131;141;67;29
20292;20291;2149;22;2;220;2205;Cerizy;58;56;15;7;19;7;8;2;15;6;20;7;5;2
20311;20310;2358;22;2;237;2205;Grougis;390;364;76;62;86;98;48;20;74;76;74;79;42;18
20313;20312;2343;22;2;233;2205;Germaine;65;66;10;8;15;16;10;7;11;9;11;20;9;6
20342;20341;2268;22;2;207;2201;Domptin;670;618;167;105;161;140;64;32;158;107;143;114;59;36
20386;20385;2801;22;2;226;2204;Vigneux-Hocquet;284;276;64;37;51;53;53;26;54;39;60;44;55;22
20387;20386;2460;22;2;219;2204;Marcy-sous-Marle;220;207;38;36;54;46;31;15;34;25;53;40;44;10
20388;20387;2425;22;2;202;2203;Leuze;165;160;35;22;27;43;22;16;32;25;29;34;29;11
20400;20399;2635;22;2;203;2205;Ramicourt;169;175;42;28;34;42;12;11;46;33;42;33;12;9
20401;20400;2741;22;2;225;2205;Thenelles;561;586;116;75;108;101;90;71;107;101;112;122;89;55
20403;20402;2183;22;2;201;2204;Chevregny;194;195;36;34;37;42;31;16;36;35;41;47;15;21
20404;20403;2427;22;2;204;2206;Lhuys;149;137;36;24;40;29;10;10;33;22;39;25;15;3
20406;20405;2767;22;2;231;2206;Vauxrezis;337;330;45;62;59;95;61;16;59;48;74;103;37;9
20452;20451;2751;22;2;212;2204;Trucy;156;136;33;28;38;28;18;12;28;21;31;29;14;14
20621;20620;2265;22;2;226;2204;Dohis;99;84;13;10;15;21;24;16;7;8;12;25;19;13
20690;20689;2484;22;2;210;2201;Mézy-Moulins;529;500;112;99;89;129;63;36;89;100;96;120;59;35
20740;20739;2519;22;2;226;2204;Montloué;156;168;32;26;32;35;19;11;33;33;36;39;17;10
20741;20740;2055;22;2;202;2203;Beaumé;98;102;13;13;17;17;26;13;14;14;20;17;28;10
20742;20741;2737;22;2;219;2204;Tavaux-et-Pontséricourt;606;544;112;91;104;162;85;52;102;81;105;126;86;44
20749;20748;2016;22;2;214;2202;Andelain;187;172;40;20;51;43;21;11;32;27;41;40;23;7
20751;20750;2517;22;2;213;2204;Montigny-sur-Crécy;317;312;77;51;66;60;43;20;67;45;73;69;37;21
20752;20751;2370;22;2;206;2205;Hargicourt;565;538;122;85;133;113;70;42;107;84;118;129;64;36
20753;20752;2730;22;2;232;2206;Soupir;296;303;66;41;61;66;41;22;61;59;59;64;38;21
20754;20753;2081;22;2;209;2202;Béthancourt-en-Vaux;447;384;100;72;89;103;62;22;70;60;86;96;54;17
20755;20754;2090;22;2;224;56;Billy-sur-Ourcq;215;220;57;27;47;39;32;13;53;38;54;39;24;12
20756;20755;2001;22;2;209;2202;Abbécourt;536;474;115;97;105;94;78;47;92;73;106;87;74;42
20808;20807;2583;22;2;212;2204;Pancy-Courtecon;48;46;10;2;11;15;7;3;6;9;5;20;3;2
20810;20809;2687;22;2;235;2206;Saint-Pierre-Aigle;350;360;70;30;80;98;56;15;77;55;79;96;39;15
20813;20812;2673;22;2;235;2206;Saint-Christophe-à-Berry;426;419;94;62;114;66;61;29;95;63;111;68;57;25
20990;20989;2497;22;2;201;2204;Mons-en-Laonnois;1176;1064;264;159;246;253;188;66;242;145;227;253;139;58
20991;20990;2156;22;2;213;2204;Chalandry;226;210;43;31;55;50;31;17;36;38;42;51;24;17
21035;21034;2112;22;2;203;2205;Brancourt-le-Grand;620;626;129;111;129;122;77;52;158;95;144;110;75;44
21058;21057;2649;22;2;222;2201;Rocourt-Saint-Martin;304;310;57;52;47;89;43;16;77;60;66;77;18;12
21104;21103;2337;22;2;205;2203;Froidestrées;208;205;40;45;38;52;25;8;40;48;47;54;10;6
21117;21116;2462;22;2;215;2201;Mareuil-en-Dôle;261;218;65;35;68;41;35;17;50;33;47;47;25;16
21118;21117;2633;22;2;204;2206;Quincy-sous-le-Mont;65;64;12;11;14;17;10;1;10;15;16;14;8;1
21119;21118;2249;22;2;224;2206;Cuiry-Housse;109;108;25;10;24;24;18;8;19;23;20;34;9;3
21355;21354;2735;22;2;204;2206;Tannières;14;14;1;2;2;4;5;0;0;3;1;7;1;2
21424;21423;2084;22;2;207;2201;Bézu-le-Guéry;259;238;57;45;63;53;26;16;50;48;56;51;17;17
21451;21450;2031;22;2;202;2203;Aubenton;695;704;139;114;119;133;121;68;148;110;125;126;129;64
21457;21456;2605;22;2;225;2205;Pleine-Selve;180;161;40;24;40;36;26;14;32;26;35;27;26;15
21458;21457;2768;22;2;201;2206;Vauxaillon;509;436;132;91;111;95;57;23;111;82;102;77;46;18
21503;21502;2758;22;2;232;2206;Vailly-sur-Aisne;2073;2095;309;340;351;452;361;259;365;314;424;416;359;216
21506;21505;2587;22;2;238;2204;Parfondru;348;344;69;53;70;85;45;26;71;42;95;78;40;18
21508;21507;2696;22;2;212;2204;Saint-Thomas;103;76;25;15;25;19;8;10;14;10;20;14;10;9
21705;21704;2376;22;2;216;2205;Hauteville;165;186;28;31;25;39;27;15;34;34;38;37;34;10
21769;21768;2359;22;2;229;2205;Grugies;1149;886;271;206;247;242;127;56;184;124;217;202;115;44
21770;21769;2483;22;2;220;2205;Mézières-sur-Oise;540;540;105;73;101;121;93;49;97;67;121;112;93;49
21775;21774;2205;22;2;212;2204;Colligis-Crandelain;183;148;37;37;30;48;13;17;28;31;23;41;7;18
21776;21775;2812;22;2;236;56;Villers-Hélon;229;205;59;34;55;49;23;9;54;26;51;47;16;10
21807;21806;2432;22;2;204;2206;Limé;184;175;37;20;35;41;29;22;37;17;47;33;27;14
22036;22035;2457;22;2;230;2204;Marchais;376;360;84;45;96;75;45;31;66;57;98;71;37;31
22075;22074;2701;22;2;207;2201;Saulchery;652;676;127;111;132;122;99;61;142;99;156;121;100;58
22132;22131;2059;22;2;242;2202;Beautor;2658;2719;493;474;453;575;435;228;477;497;507;649;363;225
22135;22134;2076;22;2;221;2204;Bertricourt;163;125;56;18;49;28;8;4;44;11;39;22;5;4
22139;22138;2429;22;2;212;2204;Lierval;114;121;22;18;19;22;22;9;17;17;30;30;18;8
22140;22139;2704;22;2;211;2202;Selens;235;237;52;42;53;36;31;21;61;32;54;38;31;21
22212;22211;2371;22;2;240;2205;Harly;1697;1767;271;259;242;378;343;204;319;250;311;419;297;170
22213;22212;2143;22;2;206;2205;Le Catelet;195;201;44;26;38;45;25;18;39;33;46;39;24;18
22417;22416;2465;22;2;208;2201;Marigny-en-Orxois;472;459;97;69;114;107;53;31;107;62;122;101;41;26
22464;22463;2378;22;2;217;2203;La Hérie;151;168;23;23;26;42;23;15;31;27;38;42;19;12
22465;22464;2567;22;2;217;2203;Ohis;307;312;69;49;65;59;41;23;78;40;73;71;31;18
22473;22472;2366;22;2;237;2203;Hannapes;296;259;64;51;61;55;37;27;50;47;54;43;34;30
22474;22473;2303;22;2;233;2205;Fayet;630;538;129;66;113;141;113;69;80;61;79;155;108;56
22475;22474;2709;22;2;203;2205;Serain;393;394;86;57;79;80;57;34;76;65;81;80;59;34
22476;22475;2732;22;2;225;2205;Surfontaine;102;97;28;17;18;25;7;6;26;21;17;18;7;8
22477;22476;2362;22;2;209;2202;Guivry;265;251;54;39;51;65;38;18;52;38;55;63;24;19
22481;22480;2043;22;2;235;2206;Bagneux;72;71;17;10;17;17;6;5;17;9;25;13;5;3
22513;22512;2739;22;2;232;2206;Terny-Sorny;309;312;73;38;78;59;47;14;66;52;78;61;38;17
22551;22550;2384;22;2;234;2204;Houry;59;62;13;8;13;11;12;2;18;12;15;10;8;0
22656;22655;2467;22;2;222;56;Marizy-Saint-Mard;58;39;12;10;18;8;5;4;4;9;14;4;5;5
22706;22705;2713;22;2;215;2201;Seringes-et-Nesles;292;278;55;50;53;82;37;14;66;49;67;57;28;12
22751;22750;2664;22;2;210;2201;Rozoy-Bellevalle;105;112;21;16;26;19;16;8;26;11;27;27;12;10
22792;22791;2194;22;2;219;2204;Cilly;223;227;36;31;40;51;42;23;41;33;46;58;32;17
22793;22792;2256;22;2;226;2204;Dagny-Lambercy;135;133;28;14;23;31;22;16;26;18;23;35;15;16
22794;22793;2608;22;2;234;2203;Plomion;472;509;72;99;79;100;65;57;90;90;98;95;86;48
22795;22794;2040;22;2;234;2203;Autreppes;184;175;43;25;35;42;22;18;29;30;43;31;22;19
22801;22800;2638;22;2;213;2204;Remies;239;239;39;37;48;56;28;30;39;44;48;54;29;26
22802;22801;2525;22;2;239;2205;Morcourt;602;563;113;70;123;134;113;49;96;91;98;145;94;39
22803;22802;2754;22;2;209;2202;Ugny-le-Gay;168;156;29;25;42;30;27;15;33;20;37;28;27;11
22805;22804;2755;22;2;201;2204;Urcel;539;570;105;88;116;115;78;37;136;85;143;113;58;35
22806;22805;2766;22;2;232;2206;Vaudesson;256;250;67;40;55;50;23;21;64;28;65;48;23;22
22807;22806;2566;22;2;209;2202;Ognes;1180;1108;201;162;228;240;241;108;191;154;235;249;187;94
22808;22807;2077;22;2;241;2206;Berzy-le-Sec;400;396;78;61;92;85;58;25;72;68;87;89;49;31
22858;22857;2486;22;2;230;2204;Missy-lès-Pierrepont;112;100;27;21;26;20;9;8;27;22;27;9;9;7
23081;23080;2137;22;2;222;2201;Bussiares;125;109;31;16;38;19;13;8;23;16;24;23;19;4
23115;23114;2644;22;2;236;56;Retheuil;386;368;83;56;76;100;47;23;88;57;96;75;36;17
23119;23118;2206;22;2;227;2203;Colonfay;76;71;18;15;9;16;10;8;10;18;5;20;15;3
23129;23128;2471;22;2;212;2204;Martigny-Courpierre;120;111;26;19;26;26;14;9;19;16;25;30;9;13
23132;23131;2824;22;2;238;2204;Vorges;385;378;69;48;60;101;72;36;70;49;79;97;57;26
23134;23133;2620;22;2;204;2206;Presles-et-Boves;362;356;63;69;67;87;54;23;83;51;80;75;47;20
23183;23182;2253;22;2;235;2206;Cuisy-en-Almont;324;333;68;47;61;77;47;24;62;46;57;92;52;24
23223;23222;2048;22;2;213;2204;Barenton-sur-Serre;118;111;23;18;33;20;16;8;25;17;28;25;7;9
23324;23323;2083;22;2;215;2201;Beuvardes;722;701;146;107;167;142;106;54;150;106;155;150;91;48
23361;23360;2279;22;2;208;2201;Épaux-Bézu;584;564;128;82;126;147;70;31;141;66;137;125;66;30
23438;23437;2507;22;2;224;56;Montgru-Saint-Hilaire;34;34;4;7;4;12;5;2;5;4;6;12;3;4
23485;23484;2100;22;2;206;2205;Bony;140;120;33;37;21;31;13;5;30;25;26;21;10;7
23486;23485;2390;22;2;233;2205;Jeancourt;250;240;61;33;68;48;25;15;50;45;52;54;27;12
23490;23489;2501;22;2;238;2204;Montchâlons;63;67;8;7;14;15;12;5;11;9;15;17;11;4
23491;23490;2765;22;2;201;2204;Vaucelles-et-Beffecourt;215;219;33;30;43;61;33;15;38;39;46;55;25;16
23492;23491;2219;22;2;211;2206;Coucy-la-Ville;214;193;43;57;34;37;28;14;34;56;36;31;22;14
23493;23492;2589;22;2;232;2204;Pargny-Filain;239;229;45;41;50;57;30;17;39;40;54;50;35;10
23494;23493;2722;22;2;299;2206;Soissons;28551;28442;5301;5673;4950;5623;3909;3095;5175;5975;5327;5452;3720;2793
23495;23494;2663;22;2;224;2206;Rozières-sur-Crise;230;236;37;27;43;62;44;17;34;31;42;85;28;15
23496;23495;2593;22;2;231;2206;Pasly;1031;1011;150;136;164;298;202;81;173;129;212;269;172;56
23723;23722;2129;22;2;204;2206;Bruys;19;20;4;0;6;5;2;3;2;0;7;6;2;3
23866;23865;2020;22;2;202;2203;Any-Martin-Rieux;474;509;101;64;84;109;72;46;117;71;105;107;60;49
23867;23866;2079;22;2;202;2203;Besmont;155;148;19;25;21;34;34;23;20;17;31;28;39;13
23868;23867;2789;22;2;234;2203;Vervins;2614;2685;478;491;477;489;392;286;484;539;525;503;400;234
23873;23872;2756;22;2;220;2205;Urvillers;613;596;112;76;129;152;101;43;115;80;135;154;72;41
23874;23873;2694;22;2;229;2205;Saint-Simon;615;642;118;126;123;119;94;35;127;137;130;139;64;45
23875;23874;2345;22;2;220;2205;Gibercourt;47;40;12;9;11;9;4;2;10;5;13;6;3;3
23876;23875;2178;22;2;212;2204;Chermizy-Ailles;101;81;25;17;26;14;15;4;17;10;20;16;13;6
23878;23877;2159;22;2;211;2206;Champs;290;285;49;47;47;76;33;39;61;39;55;57;43;31
23908;23907;2124;22;2;220;2205;Brissy-Hamégicourt;640;637;113;84;126;134;115;68;105;96;123;148;87;79
23910;23909;2646;22;2;204;2204;Révillon;71;59;21;11;17;14;4;3;21;7;19;3;5;3
24070;24069;2377;22;2;234;2203;Haution;150;145;29;20;26;42;25;9;23;25;30;33;19;14
24135;24134;2227;22;2;215;2201;Courmont;110;113;17;16;14;32;19;13;15;23;18;28;19;9
24137;24136;2748;22;2;210;2201;Trélou-sur-Marne;981;938;159;136;200;231;152;102;157;124;212;228;113;104
24138;24137;2105;22;2;208;2201;Bouresches;202;206;40;33;43;48;23;16;40;43;46;41;21;16
24200;24199;2009;22;2;220;2205;Alaincourt;511;488;116;71;110;90;99;24;94;87;94;124;61;29
24203;24202;2346;22;2;230;2204;Gizy;681;697;119;100;113;151;149;49;136;97;138;172;101;53
24206;24205;2551;22;2;232;2206;Neuville-sur-Margival;122;108;32;28;35;20;4;4;31;31;22;17;3;4
24253;24252;2410;22;2;236;56;Largny-sur-Automne;231;244;46;40;40;61;30;14;53;34;64;51;23;19
24301;24300;2353;22;2;219;2204;Grandlup-et-Fay;314;316;79;45;62;60;34;33;79;51;70;49;39;28
24513;24512;2428;22;2;222;2201;Licy-Clignon;84;88;17;13;16;19;14;5;19;17;20;19;11;4
24514;24513;2228;22;2;210;2201;Courtemont-Varennes;293;297;40;42;45;72;46;48;40;48;62;68;43;36
24515;24514;2806;22;2;215;2201;Villeneuve-sur-Fère;277;275;57;35;61;51;39;34;52;49;55;62;29;27
24516;24515;2085;22;2;208;2201;Bézu-Saint-Germain;977;640;284;157;241;197;67;31;162;89;160;142;64;22
24565;24564;2563;22;2;216;2205;Noyales;171;161;40;22;30;42;24;13;30;28;34;37;18;13
24567;24566;2715;22;2;204;2204;Serval;47;38;6;9;9;9;12;3;6;5;5;4;16;2
24568;24567;2400;22;2;232;2206;Laffaux;147;122;26;26;34;30;19;13;23;15;37;22;19;5
24569;24568;2577;22;2;232;2206;Ostel;80;83;12;12;13;22;13;7;16;14;12;23;8;12
24570;24569;2585;22;2;224;2206;Parcy-et-Tigny;250;243;54;31;62;62;29;12;53;35;58;62;28;7
24571;24570;2536;22;2;224;2206;Nampteuil-sous-Muret;89;77;17;13;23;13;18;4;15;13;13;21;12;3
24656;24655;2480;22;2;213;2204;Mesbrecourt-Richecourt;297;289;45;52;70;63;36;32;44;60;68;55;29;33
24777;24776;2557;22;2;236;56;Noroy-sur-Ourcq;152;147;30;29;30;34;15;13;31;25;29;32;17;14
24917;24916;2181;22;2;226;2204;Chéry-lès-Rozoy;107;101;23;18;15;18;27;6;26;17;13;18;19;8
24932;24931;2224;22;2;204;2206;Courcelles-sur-Vesle;355;321;80;74;75;69;35;22;67;74;66;55;35;23
25216;25215;2099;22;2;222;2201;Bonnesvalyn;248;195;65;28;65;60;14;17;37;34;53;37;20;15
25259;25258;2342;22;2;205;2203;Gergny;152;156;27;32;30;36;15;14;32;27;39;31;16;12
25260;25259;2038;22;2;226;2203;Les Autels;74;74;18;6;11;12;13;14;16;8;11;12;22;5
25267;25266;2604;22;2;229;2205;Pithon;72;85;12;3;13;22;10;12;11;12;16;24;8;14
25269;25268;2005;22;2;221;2204;Aguilcourt;371;342;80;47;82;93;53;15;65;54;74;98;34;17
25270;25269;2407;22;2;201;2204;Laniscourt;171;183;31;28;33;51;11;17;39;31;35;49;15;14
25271;25270;2771;22;2;204;2206;Vauxcéré;103;108;22;14;21;25;17;4;30;17;29;18;11;3
25272;25271;2363;22;2;211;2206;Guny;450;432;84;69;101;100;53;43;77;59;96;95;59;47
25273;25272;2107;22;2;211;2202;Bourguignon-sous-Coucy;92;90;24;9;21;19;11;8;15;18;19;22;11;6
25337;25336;2379;22;2;227;2205;Le Hérie-la-Viéville;241;231;42;39;46;50;40;22;40;38;48;49;35;22
25475;25474;2727;22;2;219;2204;Sons-et-Ronchères;229;229;40;34;45;46;37;26;37;46;46;50;36;16
25549;25548;2718;22;2;222;56;Silly-la-Poterie;130;142;21;16;22;33;24;13;28;20;28;40;15;10
25590;25589;2448;22;2;230;2204;Mâchecourt;116;136;22;13;22;38;15;6;36;23;23;39;8;7
25592;25591;2574;22;2;217;2203;Origny-en-Thiérache;1562;1501;314;217;298;266;239;228;270;218;281;311;206;215
25593;25592;2455;22;2;216;2203;Malzy;189;202;35;29;37;45;23;20;32;44;36;44;24;22
25603;25602;2636;22;2;225;2205;Regny;208;220;40;27;39;40;43;17;36;37;40;54;33;19
25604;25603;2310;22;2;239;2205;Fieulaine;279;271;49;43;61;64;33;29;48;36;54;65;43;25
25605;25604;2222;22;2;214;2204;Courbes;34;35;6;5;6;10;6;1;9;5;9;7;5;0
25607;25606;2245;22;2;231;2206;Cuffies;1739;1698;290;475;282;324;232;136;315;432;320;312;212;107
25643;25642;2106;22;2;212;2204;Bourg-et-Comin;787;730;172;125;130;135;96;129;130;107;131;133;89;141
25928;25927;2592;22;2;225;2205;Parpeville;243;226;54;41;55;38;23;30;51;34;56;35;29;19
25929;25928;2702;22;2;233;2205;Savy;602;641;102;75;122;148;105;50;134;83;140;181;61;42
25931;25930;2383;22;2;240;2205;Homblières;1499;1439;299;250;302;349;214;85;281;278;289;350;159;82
25934;25933;2530;22;2;212;2204;Moulins;103;98;23;7;25;22;12;13;11;12;21;26;17;10
25936;25935;2770;22;2;241;2206;Vauxbuin;770;789;125;93;112;181;202;58;137;97;133;217;146;59
25937;25936;2597;22;2;204;2206;Perles;81;80;17;14;19;16;9;5;22;10;26;6;6;9
25974;25973;2485;22;2;241;2206;Missy-aux-Bois;111;102;27;19;19;26;10;10;20;16;24;24;9;9
25975;25974;2803;22;2;221;2204;La Ville-aux-Bois-lès-Pontavert;122;121;24;22;23;28;18;8;24;19;24;30;20;5
26145;26144;2590;22;2;210;2201;Pargny-la-Dhuys;175;165;35;15;30;47;24;23;30;20;32;39;21;24
26165;26164;2697;22;2;238;2204;Samoussy;327;379;54;51;57;112;40;13;64;88;64;122;25;16
26167;26166;2185;22;2;222;56;Chézy-en-Orxois;362;377;95;35;89;69;53;20;87;49;88;80;47;25
26195;26194;2458;22;2;210;2201;Marchais-en-Brie;275;265;55;36;67;49;34;34;57;35;64;46;39;24
26196;26195;2724;22;2;222;2201;Sommelans;59;55;17;6;15;15;2;3;13;7;16;13;3;3
26241;26240;2819;22;2;226;2204;Vincy-Reuil-et-Magny;125;132;20;14;17;32;30;12;18;18;18;44;24;10
26242;26241;2742;22;2;219;2204;Thiernu;104;119;6;17;18;29;23;11;17;17;23;30;24;7
26247;26246;2382;22;2;233;2205;Holnon;1424;1364;276;217;272;302;271;86;291;173;340;296;214;51
26248;26247;2746;22;2;214;2205;Travecy;658;614;133;103;134;140;95;53;127;84;142;130;84;47
26253;26252;2267;22;2;235;2206;Dommiers;289;303;67;38;78;63;24;18;57;53;85;61;27;19
26294;26293;2210;22;2;232;2206;Condé-sur-Aisne;417;357;97;80;97;92;32;19;75;70;86;78;29;17
26390;26389;2798;22;2;207;2201;Viels-Maisons;1063;955;246;174;231;216;122;74;206;160;222;194;102;70
26446;26445;2512;22;2;222;56;Montigny-l'Allier;272;264;65;44;52;51;41;19;55;30;69;55;32;23
26477;26476;2404;22;2;234;2203;Landouzy-la-Cour;179;154;39;34;39;37;16;14;28;24;32;37;18;15
26478;26477;2198;22;2;232;2206;Clamecy;222;237;37;33;33;69;39;11;38;40;35;85;30;10
26480;26479;2764;22;2;212;2204;Vassogne;68;61;11;12;12;14;10;9;10;6;14;10;10;11
26558;26557;2289;22;2;207;2201;Essises;429;420;86;58;96;106;60;23;95;66;95;106;40;17
26606;26605;2790;22;2;219;2204;Vesles-et-Caumont;235;187;56;41;55;41;31;12;32;30;41;53;23;7
26612;26611;2430;22;2;230;2204;Liesse-Notre-Dame;1304;1202;206;232;247;261;169;189;196;178;237;267;150;174
26706;26705;2624;22;2;216;2203;Proisy;322;311;52;60;57;67;57;28;47;64;57;63;48;31
26708;26707;2823;22;2;227;2204;Voharies;68;73;10;14;12;11;12;8;18;9;14;11;10;10
26803;26802;2327;22;2;233;2205;Foreste;180;175;44;27;41;23;36;9;42;30;34;37;22;10
26872;26871;2088;22;2;238;2204;Bièvres;71;75;11;10;13;18;13;6;11;12;14;20;12;6
26913;26912;2347;22;2;208;2201;Gland;486;469;78;72;89;106;107;34;87;63;106;115;70;28
26950;26949;2116;22;2;234;2203;Braye-en-Thiérache;132;154;16;15;22;29;25;25;19;25;27;33;31;19
26951;26950;2388;22;2;202;2203;Iviers;214;168;38;39;28;48;37;25;18;30;31;36;33;20
26952;26951;2251;22;2;226;2204;Cuiry-lès-Iviers;37;40;11;4;7;9;3;3;7;6;10;7;2;7
26953;26952;2068;22;2;227;2204;Berlancourt;105;87;29;14;23;15;18;5;14;16;20;16;16;4
26959;26958;2779;22;2;237;2203;Vénérolles;221;233;48;28;42;50;35;18;42;36;37;69;30;19
26961;26960;2665;22;2;224;2206;Grand-Rozoy;302;282;67;49;61;69;39;17;55;52;67;73;23;11
26962;26961;2799;22;2;224;2206;Vierzy;443;417;112;86;88;95;41;22;102;79;99;79;47;13
27144;27143;2290;22;2;208;2201;Essômes-sur-Marne;2735;2444;535;452;581;613;367;187;435;388;552;548;357;164
27180;27179;2679;22;2;222;56;Saint-Gengoulph;151;145;39;23;36;38;11;4;39;20;47;21;16;2
27194;27193;2426;22;2;206;2205;Levergies;581;601;112;98;103;144;82;42;121;94;132;155;64;35
27297;27296;2582;22;2;212;2204;Paissy;69;70;9;15;15;11;11;7;11;12;17;12;12;6
27298;27297;2661;22;2;201;2204;Royaucourt-et-Chailvet;202;190;37;24;35;50;35;21;26;33;41;47;25;18
27300;27299;2672;22;2;235;2206;Saint-Bandry;279;234;65;50;57;59;23;25;50;38;53;47;36;10
27301;27300;2015;22;2;236;56;Ancienville;77;65;17;12;13;22;9;4;17;8;15;16;5;4
27355;27354;2254;22;2;235;2206;Cutry;118;110;31;15;28;28;14;1;29;17;30;27;6;1
27385;27384;2387;22;2;220;2205;Itancourt;1102;1111;203;190;204;254;173;78;244;171;241;254;138;63
27540;27539;2060;22;2;233;2205;Beauvois-en-Vermandois;280;283;52;39;59;62;44;23;48;38;68;55;50;23
27651;27650;2445;22;2;205;2203;Luzoir;293;286;56;36;65;41;66;29;47;41;62;58;59;19
27662;27661;2142;22;2;229;2205;Castres;234;213;56;26;63;51;21;17;51;27;59;43;20;13
27665;27664;2013;22;2;221;2204;Amifontaine;416;395;95;59;98;89;48;28;79;69;86;95;43;23
27666;27665;2309;22;2;238;2204;Festieux;640;523;165;126;147;116;52;34;124;102;123;100;42;32
27667;27666;2158;22;2;212;2204;Chamouille;263;234;69;36;68;51;23;16;66;36;63;38;24;7
27668;27667;2277;22;2;235;2206;Épagny;335;321;77;49;78;78;36;18;66;63;63;82;31;15
27699;27698;2537;22;2;232;2206;Nanteuil-la-Fosse;157;138;38;25;41;29;12;12;31;26;29;26;16;11
27832;27831;2479;22;2;204;2204;Merval;92;79;33;12;25;11;8;3;19;6;23;16;9;6
27908;27907;2654;22;2;216;2203;Romery;86;77;17;5;19;16;23;7;12;9;15;20;15;7
27977;27976;2338;22;2;219;2204;Froidmont-Cohartille;244;190;50;45;61;45;26;18;30;30;41;44;22;22
27978;27977;2050;22;2;223;2203;Barzy-en-Thiérache;308;300;67;47;56;52;59;25;53;52;62;66;44;22
27985;27984;2212;22;2;209;2202;Condren;711;700;133;93;139;156;130;60;121;103;153;167;112;44
27989;27988;2706;22;2;241;2206;Septmonts;587;532;127;86;134;132;68;40;120;92;109;114;61;37
27990;27989;2762;22;2;211;2206;Vassens;173;159;44;29;32;37;20;11;41;29;39;24;21;5
28028;28027;2052;22;2;201;2206;Bassoles-Aulers;136;137;29;19;31;29;17;10;30;21;32;28;15;9
28072;28071;2304;22;2;214;2202;La Fère;3054;2935;651;716;581;499;268;339;574;708;582;469;269;332
28136;28135;2408;22;2;297;2204;Laon;25745;26522;4709;5934;4614;4917;3282;2290;4974;6320;5051;5100;2696;2381
28305;28304;2522;22;2;202;2203;Mont-Saint-Jean;79;70;27;10;13;16;8;4;18;11;15;19;2;4
28306;28305;2674;22;2;202;2204;Saint-Clément;52;54;13;7;10;7;9;8;8;10;12;6;10;7
28307;28306;2652;22;2;234;2204;Rogny;105;98;15;20;20;28;13;8;18;10;27;26;9;9
28308;28307;2468;22;2;219;2204;Marle;2375;2432;432;415;388;508;355;276;452;420;460;527;325;247
28309;28308;2556;22;2;226;2204;Noircourt;89;92;15;13;13;32;7;9;14;16;18;30;5;9
28321;28320;2017;22;2;214;2202;Anguilcourt-le-Sart;298;279;73;45;70;56;34;20;61;44;59;55;34;26
28322;28321;2199;22;2;229;2205;Clastres;615;514;128;114;146;112;75;40;100;89;108;112;68;36
28323;28322;2504;22;2;229;2205;Montescourt-Lizerolles;1691;1646;406;303;333;334;184;130;365;333;322;299;214;113
28324;28323;2231;22;2;213;2204;Couvron-et-Aumencourt;1324;1414;235;549;212;185;104;38;226;659;243;179;70;37
28328;28327;2072;22;2;212;2204;Berrieux;181;164;39;30;37;41;22;12;34;26;38;31;28;7
28330;28329;2487;22;2;232;2206;Missy-sur-Aisne;682;698;116;107;137;201;89;33;143;122;162;186;65;21
28331;28330;2201;22;2;235;56;Coeuvres-et-Valsery;462;471;71;61;74;85;60;111;77;65;72;70;79;108
28332;28331;2506;22;2;236;56;Montgobert;204;195;36;30;46;47;29;16;36;21;53;35;31;19
28382;28381;2122;22;2;214;2204;Brie;59;59;12;9;9;19;7;3;13;9;10;19;6;3
28384;28383;2573;22;2;238;2204;Orgeval;71;69;12;10;11;14;16;9;17;7;17;12;10;7
28424;28423;2591;22;2;213;2204;Pargny-les-Bois;134;135;27;16;27;27;24;14;21;27;27;39;11;10
28597;28596;2236;22;2;211;2206;Crécy-au-Mont;286;327;61;34;65;65;51;10;75;54;78;71;33;16
28719;28718;2559;22;2;213;2204;Nouvion-et-Catillon;535;528;119;85;104;115;74;38;114;79;119;122;54;40
28721;28720;2627;22;2;221;2204;Proviseux-et-Plesnoy;119;94;31;17;30;19;12;10;17;14;17;25;12;9
28722;28721;2299;22;2;221;2204;Évergnicourt;567;533;117;98;111;120;73;47;106;85;125;102;78;37
28725;28724;2311;22;2;232;2204;Filain;135;119;38;25;32;22;12;5;31;23;25;20;14;6
28726;28725;2138;22;2;224;2206;Buzancy;186;178;35;25;39;49;33;5;32;26;39;57;20;5
29023;29022;2127;22;2;215;2201;Bruyères-sur-Fère;202;210;37;28;35;52;31;18;41;38;38;39;36;16
29074;29073;2833;22;2;217;2203;Wimy;452;496;91;66;84;95;71;45;102;78;86;109;69;52
29076;29075;2826;22;2;234;2203;Voulpaix;411;389;82;71;88;83;59;29;82;62;80;100;42;23
29084;29083;2273;22;2;229;2205;Dury;198;177;44;25;52;34;23;19;34;26;40;36;31;11
29085;29084;2082;22;2;224;2201;Beugneux;118;116;22;22;27;25;16;6;21;17;35;20;12;11
29086;29085;2734;22;2;236;56;Taillefontaine;267;276;51;28;58;54;52;24;52;32;61;65;41;23
29087;29086;2154;22;2;224;2206;Chacrise;313;309;59;48;67;75;52;12;53;52;69;84;36;14
29088;29087;2086;22;2;211;2202;Bichancourt;1053;928;231;140;236;239;139;69;180;143;208;215;131;51
29089;29088;2078;22;2;211;2202;Besmé;157;154;43;19;41;27;20;7;38;30;33;27;17;9
29090;29089;2795;22;2;235;2206;Vic-sur-Aisne;1755;1708;310;338;309;393;235;170;292;352;339;383;196;145
29132;29131;2252;22;2;212;2204;Cuissy-et-Geny;65;67;9;12;11;16;14;3;16;11;17;12;7;4
29369;29368;2350;22;2;230;2204;Goudelancourt-lès-Pierrepont;152;131;33;26;29;25;26;13;23;19;24;36;15;14
29392;29391;2074;22;2;214;2204;Bertaucourt-Epourdon;615;541;138;99;137;151;68;24;117;106;114;129;54;21
29423;29422;2744;22;2;222;2201;Torcy-en-Valois;83;80;15;13;12;25;10;9;15;14;15;24;6;7
29481;29480;2723;22;2;226;2204;Soize;96;101;20;11;14;24;12;16;19;23;14;24;9;12
29482;29481;2444;22;2;234;2204;Lugny;121;133;16;15;17;37;24;11;18;20;23;37;16;18
29490;29489;2459;22;2;239;2205;Marcy;163;167;32;20;30;36;32;12;37;12;32;44;31;10
29491;29490;2367;22;2;229;2205;Happencourt;144;160;27;27;28;34;19;9;35;23;37;39;16;10
29492;29491;2315;22;2;229;2205;Flavy-le-Martel;1628;1578;332;267;296;310;256;166;309;227;311;328;229;176
29494;29493;2399;22;2;221;2204;Juvincourt-et-Damary;519;444;149;75;125;91;63;16;109;60;104;107;46;20
29495;29494;2080;22;2;218;2204;Besny-et-Loizy;370;350;70;69;61;102;49;20;68;70;84;75;40;14
29496;29495;2333;22;2;211;2206;Fresnes;156;148;35;29;37;23;24;8;25;37;34;29;15;8
29497;29496;2087;22;2;235;2206;Bieuxy;30;25;6;1;11;3;8;0;5;2;7;6;4;0
29498;29497;2686;22;2;211;2202;Saint-Paul-aux-Bois;396;390;80;63;73;103;60;17;74;68;80;106;43;19
29544;29543;2613;22;2;221;2204;Pontavert;594;599;135;107;140;116;71;27;146;103;159;113;52;26
29745;29744;2169;22;2;219;2204;Châtillon-lès-Sons;85;82;14;12;13;19;13;15;6;14;14;22;13;12
29783;29782;2030;22;2;206;2205;Aubencheul-aux-Bois;304;301;70;36;57;58;54;29;75;40;66;51;49;19
29813;29812;2509;22;2;222;2201;Monthiers;149;150;32;25;35;34;15;7;39;16;40;34;17;4
29814;29813;2596;22;2;207;2201;Pavant;806;757;173;132;203;148;96;55;166;130;168;167;75;52
29848;29847;2629;22;2;227;2203;Puisieux-et-Clanlieu;295;291;76;50;52;58;34;26;62;46;63;61;36;24
29849;29848;2832;22;2;227;2203;Wiège-Faty;227;222;45;40;46;53;24;20;48;35;51;41;27;20
29856;29855;2296;22;2;233;2205;Étreillers;1204;1081;238;155;254;247;171;138;190;149;203;281;131;128
29857;29856;2830;22;2;237;2205;Wassigny;971;995;220;142;200;216;136;57;210;181;210;205;115;75
29859;29858;2217;22;2;211;2206;Coucy-le-Château-Auffrique;1064;1041;193;163;205;207;169;128;199;154;206;215;128;139
29908;29907;2440;22;2;221;2204;Lor;144;138;37;11;35;29;18;14;25;18;28;34;14;18
29945;29944;2403;22;2;227;2205;Landifay-et-Bertaignemont;289;294;56;45;61;50;47;29;61;36;60;58;47;31
30116;30115;2332;22;2;215;2201;Fresnes-en-Tardenois;255;238;44;41;45;67;33;24;44;40;50;56;32;16
30118;30117;2645;22;2;210;2201;Reuilly-Sauvigny;226;231;45;36;48;50;31;16;51;35;50;37;36;23
30180;30179;2717;22;2;225;2205;Séry-lès-Mézières;637;651;120;112;113;158;83;49;127;111;137;159;69;49
30181;30180;2320;22;2;229;2205;Fontaine-lès-Clercs;284;287;51;41;58;84;31;20;50;55;64;72;33;13
30341;30340;2293;22;2;203;2205;Étaves-et-Bocquiaux;569;557;141;74;118;107;81;48;124;83;108;120;79;42
30471;30470;2676;22;2;230;2204;Saint-Erme-Outre-et-Ramecourt;1844;1827;413;319;369;387;199;157;423;318;409;338;190;149
30497;30496;2193;22;2;215;2201;Cierges;73;72;13;9;14;10;14;12;14;12;12;14;11;9
30498;30497;2147;22;2;210;2201;La Celle-sous-Montmirail;115;103;27;18;29;18;15;7;23;12;28;18;14;8
30539;30538;2660;22;2;226;2204;Rouvroy-sur-Serre;42;45;2;5;7;14;9;4;5;7;9;15;4;4
30545;30544;2291;22;2;206;2205;Estrées;421;412;91;71;88;86;57;28;87;65;92;102;52;14
30549;30548;2707;22;2;211;2206;Septvaux;177;204;26;36;29;51;18;17;39;46;42;45;22;10
30550;30549;2682;22;2;204;2206;Saint-Mard;113;120;17;14;23;26;20;13;22;20;29;23;16;11
30551;30550;2089;22;2;241;2206;Billy-sur-Aisne;1102;1119;191;133;196;226;241;116;172;150;191;289;210;107
30552;30551;2230;22;2;204;2206;Couvrelles;191;195;35;35;46;43;22;11;42;41;49;42;13;8
30634;30633;2813;22;2;225;2205;Villers-le-Sec;285;260;86;57;55;45;22;20;79;43;45;46;24;22
30637;30636;2288;22;2;239;2205;Essigny-le-Petit;381;355;84;53;74;86;52;33;73;60;73;77;56;18
30897;30896;2284;22;2;205;2203;Erloy;91;101;15;6;16;20;19;14;19;16;19;18;14;15
30899;30898;2373;22;2;234;2203;Hary;223;225;38;30;42;50;39;24;42;34;42;54;28;23
30900;30899;2264;22;2;226;2204;Dizy-le-Gros;789;764;162;117;170;147;117;75;160;102;181;145;111;65
30905;30904;2317;22;2;233;2205;Fluquières;214;197;47;26;46;45;31;19;46;28;49;39;28;7
30909;30908;2528;22;2;235;2206;Mortefontaine;241;245;36;24;45;70;50;16;42;27;58;74;32;11
30910;30909;2729;22;2;236;56;Soucy;90;70;19;14;16;21;10;10;8;8;17;18;14;5
30987;30986;2061;22;2;203;2205;Becquigny;283;279;76;52;68;46;27;13;78;50;65;46;27;14
31092;31091;2538;22;2;215;2201;Nanteuil-Notre-Dame;64;73;5;11;8;16;12;12;7;14;9;23;15;6
31113;31112;2053;22;2;210;2201;Baulne-en-Brie;275;284;54;29;49;67;46;29;54;39;61;63;42;25
31141;31140;2140;22;2;211;2202;Camelin;444;438;98;75;87;87;68;31;99;53;95;99;60;33
31194;31193;2415;22;2;235;56;Laversine;159;135;45;19;48;21;16;10;32;25;29;26;14;9
31199;31198;2774;22;2;233;2205;Vendelles;109;110;16;13;25;27;20;8;22;18;19;27;19;5
31200;31199;2552;22;2;225;2205;Neuvillette;190;198;43;28;44;40;18;15;47;34;44;44;13;15
31215;31214;2166;22;2;210;2201;Chartèves;364;350;61;65;79;80;46;34;65;57;69;86;43;31
31216;31215;2794;22;2;215;2201;Vézilly;192;151;40;27;39;40;35;11;31;13;33;38;27;9
31259;31258;2802;22;2;226;2204;La Ville-aux-Bois-lès-Dizy;175;198;36;30;30;44;19;16;34;40;40;52;17;15
31260;31259;2681;22;2;227;2203;Saint-Gobert;312;306;58;35;58;77;47;37;50;44;70;63;45;33
31273;31272;2340;22;2;240;2205;Gauchy;5406;5702;1035;895;977;1168;892;439;1191;909;1268;1170;768;396
31275;31274;2782;22;2;233;2205;Le Verguier;220;231;40;31;53;55;25;16;43;48;51;54;19;16
31278;31277;2282;22;2;238;2204;Eppes;411;372;79;61;104;85;62;20;54;59;87;98;57;18
31280;31279;2329;22;2;214;2204;Fourdrain;409;417;80;51;92;104;49;33;83;60;94;90;50;40
31281;31280;2424;22;2;231;2206;Leury;105;107;17;14;14;27;27;7;18;13;18;37;15;5
31282;31281;2139;22;2;209;2202;Caillouël-Crépigny;428;415;71;71;79;106;79;22;70;68;80;127;42;28
31326;31325;2057;22;2;206;2205;Beaurevoir;1498;1530;302;246;287;281;216;166;334;253;326;260;200;155
31363;31362;2397;22;2;229;2205;Jussy;1236;1250;258;209;266;255;166;81;260;230;258;256;150;95
31420;31419;2213;22;2;210;2201;Connigis;320;306;49;58;65;77;49;23;66;41;74;79;31;15
31569;31568;2098;22;2;208;2201;Bonneil;396;403;71;66;76;98;52;32;109;51;91;91;39;22
31616;31615;2354;22;2;226;2204;Grandrieux;89;90;22;9;16;19;18;6;19;13;15;22;8;12
31628;31627;2752;22;2;229;2205;Tugny-et-Pont;286;243;64;59;57;50;34;22;47;42;47;56;29;22
31629;31628;2066;22;2;220;2205;Benay;214;199;39;33;41;63;24;14;35;38;39;52;27;8
31633;31632;2396;22;2;212;2204;Jumigny;67;70;17;4;17;16;5;6;17;11;17;11;11;3
31683;31682;2207;22;2;209;2202;Commenchon;193;169;46;15;59;33;24;15;30;21;47;34;24;13
31797;31796;2476;22;2;237;2205;Mennevret;654;664;125;110;118;145;92;64;140;122;125;132;98;46
31868;31867;2494;22;2;216;2203;Monceau-sur-Oise;117;128;16;18;20;23;18;20;32;10;29;26;18;13
31945;31944;11;22;2;208;2201;1122;1153;1235;191;188;185;304;159;125;224;199;250;283;170;109
31994;31993;3417;22;2;217;2203;Saturargues;348;359;65;75;58;82;43;25;73;74;69;82;37;24
31998;31997;Cournols;22;2;239;2205;59534;777;841;122;195;115;175;115;54;137;242;166;163;97;37
31999;31998;31;22;2;220;2205;59;126;135;23;11;33;31;21;7;24;24;27;41;15;3
32005;32004;23248;22;2;201;2204;23;140;128;38;9;25;28;27;14;26;4;35;31;17;16
32006;32005;2327;22;2;231;2206;7403;2708;2621;442;452;465;602;442;305;458;434;526;604;363;236
32007;32006;Saint-Victor-en-Marche;22;2;214;2202;18054;293;256;59;40;62;63;39;30;35;37;46;72;45;21
32008;32007;18;22;2;204;2206;1821;294;252;63;50;83;41;43;14;56;35;73;45;27;16
32274;32273;42304;22;2;214;2204;4231;112;104;24;14;21;31;15;8;17;13;20;39;10;6
32337;32336;3302;22;2;210;2201;7207;82;54;18;9;20;17;14;4;6;13;7;17;5;5
32338;32337;Audenge;22;2;222;56;23124;83;65;26;10;21;11;7;7;14;11;20;9;5;5
32339;32338;2305;22;2;210;2201;Saint-Eugène;244;251;45;49;53;37;42;17;50;45;45;53;48;10
32383;32382;Pompaire;22;2;234;2203;65183;375;300;65;51;73;49;86;51;74;48;63;67;39;9
32384;32383;6510;22;2;234;2204;Galan;136;148;23;21;24;44;13;12;27;26;29;43;16;9
32385;32384;50606;22;2;226;2203;5034;530;536;93;78;94;99;100;65;102;97;89;110;88;49
32386;32385;Tribehou;22;2;234;2203;39016;984;932;234;168;225;161;119;78;198;183;190;179;119;63
32389;32388;2520;22;2;206;2205;Pontarlier;110;90;15;16;22;33;15;8;8;18;12;27;14;11
32390;32389;64380;22;2;206;2205;6405;226;228;52;30;52;52;25;15;51;33;65;44;24;10
32391;32390;Méracq;22;2;212;2204;67463;73;64;15;11;12;21;5;8;16;8;17;11;7;5
32394;32393;2317;22;2;221;2204;Saint-Marc-à-Loubaud;221;232;57;18;53;52;29;12;56;32;63;44;22;15
32396;32395;40182;22;2;204;2206;4010;329;319;80;49;70;62;52;16;61;53;73;77;33;22
32397;32396;Mézos;22;2;224;2206;40325;75;79;11;8;12;26;12;5;14;10;22;17;9;7
32583;32582;Saint-Céré;22;2;232;2206;72024;121;119;20;21;23;25;28;4;17;22;28;24;21;7
32623;32622;61426;22;2;215;2201;6106;147;149;28;24;28;29;25;11;29;27;28;33;19;13
32705;32704;54222;22;2;215;2201;Ronchères;132;118;21;20;17;31;32;9;22;18;19;35;18;8
32708;32707;5730;22;2;208;2201;Sarreguemines;692;607;144;105;148;155;90;50;126;87;136;150;66;42
32709;32708;88300;22;2;215;2201;Brécy;352;340;85;54;79;63;48;23;72;55;90;65;33;25
32774;32773;60240;22;2;221;2204;6013;431;393;96;63;111;76;58;27;91;59;93;80;46;26
32778;32777;5152;22;2;211;2202;Saint-Aubin;324;315;82;54;67;60;41;19;83;50;68;61;28;24
32863;32862;Gy;22;2;213;2204;70427;188;163;37;28;40;47;25;11;22;25;35;47;24;10
32953;32952;1905;22;2;206;2205;Margerides;532;504;128;79;113;90;85;37;128;69;107;101;62;38
32980;32979;4215;22;2;216;2205;Rive-de-Gier;283;297;56;44;59;71;35;19;66;45;83;55;29;19
33143;33142;71011;22;2;217;2203;Anzy-le-Duc;42;46;6;10;2;18;3;3;14;7;8;11;4;2
33150;33149;57757;22;2;239;2205;5738;317;339;49;37;45;96;74;17;58;56;56;106;48;14
33156;33155;Bury;22;2;238;2204;60238;22;18;3;1;4;4;8;2;1;4;3;5;3;2
33157;33156;6030;22;2;221;2204;Fleurines;176;136;41;40;36;42;10;7;33;25;27;37;9;5
33412;33411;24509;22;2;222;56;Saint-Vincent-de-Connezac;212;218;62;32;54;43;8;14;67;35;47;40;13;14
33460;33459;15261;22;2;207;2201;1509;644;644;133;102;140;159;62;46;138;114;149;138;54;50
33518;33517;Charézier;22;2;219;2204;33361;291;289;74;55;53;71;25;13;71;53;74;56;19;16
33521;33520;Cazaux-d'Anglès;22;2;220;2205;46275;33;38;7;4;8;7;4;3;6;6;8;11;5;2
33523;33522;37087;22;2;221;2204;3719;500;444;112;69;121;112;62;23;104;62;123;81;52;22
33524;33523;Courcoué;22;2;204;2206;7013;154;136;27;36;26;31;22;13;24;16;38;25;22;10
33525;33524;721;22;2;224;2201;8204;131;118;22;21;34;32;13;9;23;18;28;30;7;13
33526;33525;Ardoix;22;2;235;2206;Fontenoy;484;542;78;69;85;133;79;40;99;90;100;140;69;45
33550;33549;53009;22;2;209;2202;5322;739;706;173;91;164;183;87;41;125;124;160;185;76;36
33555;33554;65228;22;2;201;2206;6502;692;644;128;127;142;151;109;34;123;104;135;171;82;30
33651;33650;Secondigné-sur-Belle;22;2;236;56;23192;603;598;125;83;111;154;78;51;131;90;131;122;78;45
33792;33791;Lachapelle-aux-Pots;22;2;209;2202;Caumont;570;547;120;80;137;133;74;26;125;91;131;120;56;25
33956;33955;3709;22;2;234;2203;Abilly;74;75;21;13;14;14;6;7;21;7;18;16;8;5
34025;34024;87007;22;2;215;2201;8707;323;321;66;58;50;70;57;21;65;57;65;67;47;21
34048;34047;1729;22;2;232;2206;Antezant-la-Chapelle;35;30;12;0;12;5;1;4;6;3;10;2;4;6
34104;34103;Hangest-sur-Somme;22;2;211;2206;89271;191;179;34;36;35;49;20;17;37;32;36;39;23;12
34162;34161;715;22;2;208;2201;Mars;1355;1260;223;177;226;300;230;199;203;189;251;324;181;111
34208;34207;2A098;22;2;226;2204;2A48;57;56;11;4;10;15;10;6;13;1;14;13;10;7
34216;34215;Saint-Martial;22;2;237;2205;30311;79;82;15;13;13;15;13;12;14;12;18;19;11;9
34217;34216;Sauve;22;2;213;2204;12180;515;533;100;90;96;117;74;37;101;117;95;126;64;32
34219;34218;3004;22;2;221;2204;Aumessas;413;402;112;57;95;78;38;34;109;58;100;73;34;29
34220;34219;30139;22;2;241;2206;3034;3867;3969;582;642;631;785;672;555;629;731;690;811;606;502
34222;34221;Saint-Lary;22;2;235;2206;65405;131;124;23;25;21;30;25;8;28;17;25;29;20;3
34277;34276;7132;22;2;235;2206;Charmoy;217;227;40;31;48;47;36;14;54;23;57;49;33;11
34340;34339;Fréteval;22;2;214;2204;28145;470;442;104;82;103;110;47;23;95;81;115;88;40;23
34440;34439;Lamillarié;22;2;208;2201;12278;571;595;92;85;100;176;81;38;113;93;125;155;75;33
34462;34461;912;22;2;218;2204;Chambry;735;760;114;85;122;190;168;56;131;99;161;190;135;44
34465;34464;3109;22;2;218;2204;Saint-Sulpice-sur-Lèze;318;288;71;48;73;82;33;10;71;41;66;69;26;13
34466;34465;9256;22;2;214;2204;919;207;216;43;40;45;53;18;7;53;44;47;49;9;12
34534;34533;Saint-Cyr-en-Pail;22;2;215;2201;Sergy;164;155;37;25;40;36;17;8;26;34;31;33;20;10
34569;34568;428;22;2;213;2204;Gigors;264;267;59;36;56;54;40;20;54;45;54;60;30;24
34578;34577;88124;22;2;233;2205;8810;336;336;72;38;79;95;42;10;78;54;87;75;29;13
34579;34578;Darney;22;2;221;2204;68162;104;111;21;10;19;29;19;7;25;12;29;24;19;3
34580;34579;6812;22;2;212;2204;Kaysersberg;129;111;21;19;30;23;23;13;24;8;28;27;16;10
34581;34580;8370;22;2;211;2202;825;273;271;52;44;54;61;30;32;48;46;61;67;33;16
34582;34581;Rouvroy-sur-Audry;22;2;235;2206;76259;227;211;60;52;43;40;23;9;60;43;49;33;17;9
34583;34582;7621;22;2;236;56;Fécamp;210;212;41;25;45;54;26;19;39;22;49;59;24;18
34634;34633;Saint-Just;22;2;204;2204;47059;177;172;37;31;43;33;21;12;36;31;50;29;19;7
34808;34807;Chartuzac;22;2;222;56;2B137;2210;2292;414;414;416;463;294;209;448;440;448;506;256;194
34904;34903;Angliers;22;2;208;2201;64478;396;372;65;67;67;101;67;29;56;59;80;100;43;34
34906;34905;48081;22;2;210;2201;72382;188;183;31;26;39;45;30;18;32;31;32;40;37;11
34907;34906;Volnay;22;2;222;2201;32254;124;93;30;26;27;22;13;6;18;17;25;20;8;6
34946;34945;72035;22;2;219;2204;Bessé-sur-Braye;182;166;43;35;39;27;17;20;36;38;31;26;14;21
34947;34946;42138;22;2;202;2203;Maringes;546;512;117;76;112;123;77;41;82;92;87;141;70;40
34949;34948;Grézieu-le-Marché;22;2;202;2203;15048;75;81;7;5;11;19;18;17;6;11;8;19;25;12
34952;34951;6617;22;2;239;2205;Ponteilla;535;514;122;97;102;137;46;31;121;91;111;121;37;32
34955;34954;Tilhouse;22;2;238;2204;62364;394;365;56;60;66;99;78;35;55;42;68;117;57;26
34956;34955;6224;22;2;241;2206;Fruges;487;465;102;67;90;122;78;27;92;69;97;123;63;21
34957;34956;71187;22;2;204;2206;7133;163;164;37;25;40;32;21;8;32;41;41;25;16;9
34958;34957;Écuisses;22;2;204;2206;35332;62;61;11;8;9;13;13;8;11;8;13;14;8;7
34959;34958;Teillay;22;2;236;56;69070;220;234;37;35;48;57;34;8;44;43;64;53;23;7
34960;34959;6901;22;2;211;2202;Cublize;450;414;98;56;100;92;74;29;94;62;94;76;60;29
35004;35003;4613;22;2;221;2204;65006;220;197;74;29;66;30;17;4;67;26;61;22;16;4
35116;35115;2915;22;2;219;2204;Saint-Évarzec;282;276;46;63;41;60;50;23;49;51;58;55;38;25
35205;35204;Brigné;22;2;223;2203;53025;219;199;42;38;43;46;31;20;32;36;43;44;25;20
35331;35330;45082;22;2;219;2204;Châteauneuf-sur-Loire;188;186;36;59;26;33;22;12;35;59;25;33;16;17
35338;35337;4409;22;2;213;2204;Mortiers;203;211;42;36;37;45;25;18;51;27;47;44;29;13
35341;35340;5045;22;2;212;2204;Sainte-Croix;136;132;26;18;32;32;20;7;33;17;36;31;10;6
35343;35342;Bouillac;22;2;231;2206;76279;1345;1392;267;239;262;281;167;129;275;272;290;288;163;104
35344;35343;7620;22;2;235;2206;Foucart;301;290;70;33;66;69;42;20;64;35;74;66;28;24
35385;35384;53139;22;2;215;2201;5327;82;81;11;12;13;28;12;6;8;13;17;23;15;6
35387;35386;6111;22;2;238;2204;Rânes;341;351;70;45;71;77;58;20;73;57;81;88;40;12
35581;35580;64032;22;2;214;2204;6424;471;449;99;68;86;96;79;43;90;59;90;97;76;36
35601;35600;730;22;2;204;2206;Viviers;697;645;152;121;158;130;105;30;130;112;142;149;76;36
35605;35604;21505;22;2;217;2203;Précy-sous-Thil;1003;1000;221;156;195;221;138;72;215;175;207;225;104;74
35698;35697;409;22;2;226;2204;Val-de-Chalvagne;123;135;26;20;28;32;8;8;36;23;36;23;6;10
35699;35698;58208;22;2;202;2203;Pazy;77;75;15;12;10;12;19;9;15;9;15;5;24;7
35707;35706;9316;22;2;204;2206;Troye-d'Ariège;92;85;18;17;18;27;12;1;19;19;17;19;9;1
35792;35791;5915;22;2;242;2202;Saint-Aubert;421;386;106;66;101;60;57;32;92;56;96;73;32;37
35916;35915;44140;22;2;232;2206;La Regrippière;301;257;77;48;69;59;25;23;59;42;58;47;29;22
36044;36043;21117;22;2;210;2201;Busseaut;663;637;130;84;137;138;93;81;109;96;116;140;87;88
36095;36094;Charentay;22;2;217;2203;38429;882;879;171;115;154;204;156;83;187;121;168;192;141;71
36096;36095;3805;22;2;230;2204;Saint-Michel-les-Portes;210;202;47;43;46;42;21;11;50;30;50;43;15;14
36104;36103;53007;22;2;203;2205;Argentré;128;110;26;25;23;33;11;9;23;16;25;22;14;8
36106;36105;Vaïssac;22;2;221;2204;29188;382;378;83;53;91;85;46;22;80;60;103;76;34;26
36208;36207;Ingwiller;22;2;236;56;57089;407;394;77;79;76;95;52;28;83;77;93;69;47;25
36222;36221;15126;22;2;221;2204;Molèdes;46;69;7;5;6;16;10;2;15;13;20;12;8;1
36253;36252;30090;22;2;233;2205;Douchy;151;144;39;31;31;24;16;11;34;25;32;21;17;13
36270;36269;85137;22;2;240;2205;8509;451;441;86;47;85;126;82;25;80;62;84;137;55;24
36278;36277;3035;22;2;210;2201;308;147;158;37;10;34;32;18;16;34;18;37;39;17;13
36303;36302;Lacroix-sur-Meuse;22;2;201;2204;21026;149;148;33;21;28;36;24;7;34;23;33;35;20;4
36375;36374;La Cadière-et-Cambo;22;2;222;56;34042;53;49;11;10;7;12;10;4;9;10;11;8;9;3
36434;36433;59508;22;2;238;2204;5961;53;48;8;9;9;9;14;4;6;6;10;10;12;4
36524;36523;22369;22;2;215;2201;Trémeur;95;91;27;6;21;20;12;9;26;10;22;20;8;6
36525;36524;35326;22;2;203;2205;Sens-de-Bretagne;304;285;76;44;57;75;31;21;62;50;63;56;33;21
36536;36535;Nonsard-Lamarche;22;2;230;2204;Boncourt;254;233;47;43;49;69;29;17;36;51;46;58;27;15
